y,t,i
-0.359679404,-10,1
-1.666732459,-9,1
0.312205393,-8,1
-1.840263965,-7,1
-2.255352424,-6,1
-0.834274669,-5,1
-0.194414529,-4,1
2.423227032,-3,1
3.108098518,-2,1
4.349687138,-1,1
3.913832281,0,1
4.230670238,1,1
3.071138276,2,1
4.116038191,3,1
5.74388048,4,1
5.86934306,5,1
4.846201102,6,1
4.59281944,7,1
4.236632114,8,1
5.901887444,9,1
5.134857646,10,1
-14.32322727,-10,2
-14.42340316,-9,2
-13.65751342,-8,2
-13.24964358,-7,2
-13.26744393,-6,2
-13.90699069,-5,2
-13.79744299,-4,2
-12.96645694,-3,2
-12.64620828,-2,2
-13.86862057,-1,2
-14.75887538,0,2
-14.58329458,1,2
-13.35134777,2,2
-11.99964636,3,2
-11.53781953,4,2
-10.31334685,5,2
-10.52657264,6,2
-10.67794008,7,2
-10.48449587,8,2
-9.734389108,9,2
-11.65163291,10,2
10.24493582,-10,3
7.764546763,-9,3
8.825275981,-8,3
9.951524589,-7,3
9.433303319,-6,3
10.39667993,-5,3
12.17685488,-4,3
12.31132105,-3,3
12.9768211,-2,3
13.22169124,-1,3
12.97125453,0,3
14.43737898,1,3
14.56827089,2,3
14.74349713,3,3
14.81441273,4,3
15.29148166,5,3
14.37518316,6,3
14.53149842,7,3
15.57956192,8,3
15.82000915,9,3
15.5587381,10,3
14.76367257,-10,4
13.96021386,-9,4
13.03925676,-8,4
12.05332993,-7,4
13.65578917,-6,4
14.96964463,-5,4
14.99168647,-4,4
14.20179257,-3,4
16.2507383,-2,4
16.36130015,-1,4
15.24424746,0,4
15.42552779,1,4
15.89966248,2,4
16.05828965,3,4
17.14546426,4,4
16.79460316,5,4
15.62512402,6,4
14.88137166,7,4
15.27713734,8,4
16.42887486,9,4
18.07246838,10,4
-10.34947707,-10,5
-9.004460712,-9,5
-10.11278417,-8,5
-11.5435603,-7,5
-12.49424456,-6,5
-11.1718885,-5,5
-9.158602417,-4,5
-9.149370206,-3,5
-8.734650907,-2,5
-7.345059258,-1,5
-8.662478611,0,5
-7.683928398,1,5
-6.619483411,2,5
-6.86763353,3,5
-7.04117864,4,5
-5.283533969,5,5
-6.646601257,6,5
-7.073060368,7,5
-6.491440755,8,5
-6.382416614,9,5
-7.971957772,10,5
9.365509354,-10,6
10.1327352,-9,6
10.19718845,-8,6
11.64618813,-7,6
10.53896278,-6,6
11.24908274,-5,6
11.244751,-4,6
13.38569173,-3,6
14.07729764,-2,6
15.37489327,-1,6
14.75925398,0,6
15.37161591,1,6
15.4900018,2,6
15.93176959,3,6
18.1294042,4,6
16.37178142,5,6
16.62466225,6,6
17.72057909,7,6
18.39603691,8,6
19.18090985,9,6
20.04265821,10,6
-5.036160804,-10,7
-4.203455086,-9,7
-6.948862865,-8,7
-6.815298631,-7,7
-5.099735579,-6,7
-5.603966818,-5,7
-7.964155169,-4,7
-6.588086665,-3,7
-5.444571926,-2,7
-4.841177452,-1,7
-5.645738331,0,7
-4.872371774,1,7
-5.308547374,2,7
-6.046300897,3,7
-4.556019386,4,7
-3.420054497,5,7
-4.536841827,6,7
-3.30747265,7,7
-4.727218692,8,7
-1.940434723,9,7
-3.615469865,10,7
-12.72386954,-10,8
-14.98598515,-9,8
-14.00998408,-8,8
-14.08466772,-7,8
-15.16657432,-6,8
-15.52612204,-5,8
-17.17586456,-4,8
-15.85257122,-3,8
-16.4570326,-2,8
-15.04585406,-1,8
-14.30543906,0,8
-15.09708118,1,8
-13.75030624,2,8
-14.00453661,3,8
-13.97997756,4,8
-11.61321685,5,8
-12.77547615,6,8
-12.5291559,7,8
-11.3468543,8,8
-14.01324317,9,8
-13.43908284,10,8
5.382899387,-10,9
5.025810966,-9,9
5.949612715,-8,9
5.940867801,-7,9
5.627827317,-6,9
4.81148541,-5,9
6.859541226,-4,9
7.072842455,-3,9
7.685238087,-2,9
9.690581554,-1,9
8.839023257,0,9
7.589698906,1,9
8.345351011,2,9
9.149091855,3,9
10.40383083,4,9
10.64724181,5,9
11.25860362,6,9
10.49704268,7,9
10.47685506,8,9
9.582114869,9,9
10.37674966,10,9
4.31702996,-10,10
4.114351858,-9,10
2.241564425,-8,10
3.54191077,-7,10
4.626460128,-6,10
5.310799513,-5,10
4.527741774,-4,10
5.980903631,-3,10
4.562385858,-2,10
3.834357265,-1,10
4.673254456,0,10
7.465248069,1,10
9.76350584,2,10
8.709006744,3,10
10.70599773,4,10
10.9636411,5,10
10.40290287,6,10
9.344539719,7,10
10.78644726,8,10
12.48536551,9,10
12.07058241,10,10
11.01236113,-10,11
10.16452959,-9,11
11.18974363,-8,11
10.30855557,-7,11
11.91080643,-6,11
11.25968236,-5,11
13.3652552,-4,11
12.97346473,-3,11
14.47145137,-2,11
14.16602594,-1,11
13.83119402,0,11
13.76321237,1,11
13.77908678,2,11
12.25712544,3,11
14.22239703,4,11
15.23593455,5,11
15.71956169,6,11
14.31174596,7,11
14.38488769,8,11
15.61589587,9,11
15.89843094,10,11
-11.50083896,-10,12
-11.95342045,-9,12
-13.08174108,-8,12
-12.33520087,-7,12
-11.16906854,-6,12
-12.89342333,-5,12
-12.04983653,-4,12
-11.4097383,-3,12
-13.93110396,-2,12
-14.01983836,-1,12
-13.41390426,0,12
-11.80788462,1,12
-11.61941734,2,12
-10.08544622,3,12
-8.96706696,4,12
-8.554266893,5,12
-7.795527524,6,12
-8.404186985,7,12
-9.210523519,8,12
-7.773473591,9,12
-8.993159762,10,12
-21.62025209,-10,13
-21.15721075,-9,13
-21.82360147,-8,13
-22.06270297,-7,13
-22.48053127,-6,13
-23.6704651,-5,13
-22.96374615,-4,13
-22.36455638,-3,13
-21.50300211,-2,13
-20.06490941,-1,13
-21.26900917,0,13
-21.01522569,1,13
-19.95117095,2,13
-21.80716236,3,13
-20.1050167,4,13
-18.41406126,5,13
-19.2288491,6,13
-21.11420389,7,13
-18.16233737,8,13
-18.18039842,9,13
-18.93065079,10,13
12.52918881,-10,14
13.75903286,-9,14
13.52025827,-8,14
14.41755355,-7,14
14.35508121,-6,14
13.70119276,-5,14
13.73330782,-4,14
15.84766092,-3,14
16.24471193,-2,14
17.04271926,-1,14
16.66450572,0,14
16.83781815,1,14
17.20571446,2,14
19.25885099,3,14
18.87063057,4,14
18.98531395,5,14
20.61963088,6,14
19.97064576,7,14
22.31927722,8,14
22.36921145,9,14
22.97921556,10,14
-2.299591661,-10,15
-3.721372303,-9,15
-3.460722219,-8,15
-2.357089178,-7,15
-3.572706131,-6,15
-2.705781052,-5,15
-2.414524187,-4,15
-1.04791208,-3,15
-0.573207936,-2,15
-1.94441439,-1,15
0.463826861,0,15
-1.056200041,1,15
-1.872972047,2,15
0.381806401,3,15
-0.28382709,4,15
1.051927761,5,15
1.53284578,6,15
0.783864465,7,15
-0.963720148,8,15
0.347833291,9,15
0.272706398,10,15
2.786282323,-10,16
3.353666875,-9,16
4.51398157,-8,16
3.661590979,-7,16
1.928090497,-6,16
2.121612053,-5,16
2.378177671,-4,16
3.294734203,-3,16
2.714299928,-2,16
4.793612182,-1,16
2.757892265,0,16
5.119697393,1,16
4.92267518,2,16
6.472777657,3,16
6.567076315,4,16
6.212566399,5,16
6.994940633,6,16
7.01489936,7,16
8.387006719,8,16
10.42682289,9,16
9.262497403,10,16
-5.761023208,-10,17
-4.048217156,-9,17
-5.930654526,-8,17
-6.296997181,-7,17
-6.840610998,-6,17
-7.036177481,-5,17
-4.56102743,-4,17
-3.578209398,-3,17
-4.801189315,-2,17
-4.465519212,-1,17
-3.397289057,0,17
-4.094241122,1,17
-2.658905107,2,17
-2.841933437,3,17
-2.477058987,4,17
-1.93862616,5,17
-1.798123009,6,17
-1.621153496,7,17
-1.898984246,8,17
-1.032378762,9,17
0.544304571,10,17
12.67810252,-10,18
10.10783867,-9,18
10.34019735,-8,18
11.69830709,-7,18
11.20804257,-6,18
12.14315899,-5,18
14.38587656,-4,18
14.00586713,-3,18
15.1196551,-2,18
15.38775651,-1,18
15.24049971,0,18
15.10945424,1,18
16.10883631,2,18
15.0211751,3,18
13.47088275,4,18
14.78651904,5,18
14.13504742,6,18
15.57754645,7,18
16.91734473,8,18
17.53040333,9,18
18.58404156,10,18
-3.634292382,-10,19
-1.31711228,-9,19
-3.654182876,-8,19
-2.272360791,-7,19
-2.433207316,-6,19
-2.241986716,-5,19
-1.653737037,-4,19
0.320571027,-3,19
-0.579538723,-2,19
-1.241324209,-1,19
0.35578519,0,19
2.264521237,1,19
1.290690756,2,19
1.531803409,3,19
0.796441405,4,19
0.722630844,5,19
1.262695122,6,19
2.338577796,7,19
2.111820517,8,19
1.779916525,9,19
3.158063217,10,19
2.175844711,-10,20
3.468393001,-9,20
3.375760258,-8,20
4.817527107,-7,20
4.035517625,-6,20
3.046231991,-5,20
4.289075248,-4,20
4.204634005,-3,20
4.212734364,-2,20
5.633969232,-1,20
4.05508149,0,20
5.32457328,1,20
4.637559948,2,20
4.070917296,3,20
5.608736102,4,20
5.856680558,5,20
7.101184256,6,20
6.916393332,7,20
6.429235064,8,20
6.650184426,9,20
5.364233732,10,20
-2.076004703,-10,21
0.014423662,-9,21
-1.724889462,-8,21
-0.762552655,-7,21
-2.978105651,-6,21
-1.608160278,-5,21
-1.811988534,-4,21
-0.053287036,-3,21
-1.368131782,-2,21
-3.415703947,-1,21
-2.600642036,0,21
-1.371475389,1,21
0.300327263,2,21
0.243141394,3,21
-0.65743552,4,21
-0.564275614,5,21
-1.792719979,6,21
-0.334238212,7,21
0.151046058,8,21
0.037848253,9,21
0.93429062,10,21
1.634873884,-10,22
0.114162526,-9,22
0.325750183,-8,22
1.175159367,-7,22
-0.409467703,-6,22
1.671361688,-5,22
1.79790243,-4,22
1.740962162,-3,22
4.400671491,-2,22
5.583664722,-1,22
3.942884439,0,22
3.987005588,1,22
3.647013521,2,22
4.32206481,3,22
6.916691804,4,22
6.247476755,5,22
4.503452793,6,22
4.353279958,7,22
5.74742455,8,22
6.280892759,9,22
5.779656762,10,22
-14.50866087,-10,23
-13.91059215,-9,23
-14.59583923,-8,23
-15.84475634,-7,23
-16.21204568,-6,23
-17.98393991,-5,23
-17.47842243,-4,23
-16.08169767,-3,23
-16.33923107,-2,23
-17.4965379,-1,23
-16.70094156,0,23
-17.07726222,1,23
-14.87678556,2,23
-15.08687087,3,23
-15.78620983,4,23
-15.3442579,5,23
-12.08325372,6,23
-11.61260362,7,23
-11.60543722,8,23
-12.33843931,9,23
-12.83885781,10,23
1.735259009,-10,24
1.126520886,-9,24
1.255295665,-8,24
2.082895267,-7,24
1.430940589,-6,24
1.820306337,-5,24
1.782367569,-4,24
3.661356291,-3,24
4.879865172,-2,24
5.105346748,-1,24
5.70080675,0,24
4.564471024,1,24
7.225103832,2,24
8.14039475,3,24
8.399587866,4,24
7.53383575,5,24
9.2138973,6,24
9.625982966,7,24
8.220024163,8,24
7.60304127,9,24
8.379430263,10,24
18.34387182,-10,25
17.69814392,-9,25
18.82440039,-8,25
19.16005474,-7,25
19.42728295,-6,25
20.33449481,-5,25
21.01846383,-4,25
20.96171789,-3,25
22.16587255,-2,25
21.34760984,-1,25
21.40312869,0,25
20.49952798,1,25
22.10727733,2,25
21.34415038,3,25
21.13846691,4,25
21.7332847,5,25
23.13358746,6,25
25.40564881,7,25
25.92585456,8,25
25.66763181,9,25
26.73740684,10,25
-14.25008591,-10,26
-13.9032268,-9,26
-15.23371777,-8,26
-13.90991139,-7,26
-14.50561555,-6,26
-15.17034045,-5,26
-15.98437895,-4,26
-15.84121369,-3,26
-14.17559828,-2,26
-14.67651164,-1,26
-14.37245864,0,26
-15.40554335,1,26
-14.81883749,2,26
-14.1589926,3,26
-11.99761954,4,26
-12.98080611,5,26
-14.03206752,6,26
-13.74814075,7,26
-12.97487303,8,26
-14.19567768,9,26
-15.46313293,10,26
5.340419881,-10,27
6.567746251,-9,27
6.131528907,-8,27
6.839276683,-7,27
5.309275143,-6,27
6.643276204,-5,27
8.880345415,-4,27
8.971670588,-3,27
10.75264846,-2,27
9.381890136,-1,27
10.42814996,0,27
12.80989408,1,27
14.0462371,2,27
14.1455425,3,27
13.82757224,4,27
12.96821836,5,27
13.7592831,6,27
14.8052956,7,27
14.83831282,8,27
15.63338935,9,27
16.74621347,10,27
-5.419149147,-10,28
-4.694646299,-9,28
-4.335006988,-8,28
-4.758696816,-7,28
-4.79250242,-6,28
-4.738945334,-5,28
-6.00470043,-4,28
-5.721378421,-3,28
-6.98888333,-2,28
-6.369219959,-1,28
-7.688516576,0,28
-7.219216825,1,28
-4.213481116,2,28
-3.450884481,3,28
-4.046005683,4,28
-4.825038532,5,28
-5.632278544,6,28
-4.72641742,7,28
-5.739616186,8,28
-6.623469344,9,28
-6.408969357,10,28
11.09387906,-10,29
12.83233588,-9,29
14.01755021,-8,29
13.58378916,-7,29
13.32122622,-6,29
12.28126358,-5,29
13.35523601,-4,29
13.99002041,-3,29
13.3016934,-2,29
12.9877146,-1,29
14.30016328,0,29
14.89763121,1,29
15.00333663,2,29
14.55384767,3,29
15.63176403,4,29
18.33285239,5,29
16.17218554,6,29
17.95606642,7,29
19.86705868,8,29
21.09224425,9,29
21.10868146,10,29
-8.113181201,-10,30
-6.708771683,-9,30
-5.32796867,-8,30
-6.966392727,-7,30
-7.651593334,-6,30
-8.700351234,-5,30
-8.175027009,-4,30
-10.66177603,-3,30
-9.470780437,-2,30
-8.847733416,-1,30
-6.686023072,0,30
-9.455156269,1,30
-8.556158631,2,30
-9.152543575,3,30
-8.553089942,4,30
-6.379806927,5,30
-6.794375421,6,30
-7.421685153,7,30
-8.526927103,8,30
-9.26251487,9,30
-9.183285764,10,30
4.774043589,-10,31
4.107624365,-9,31
4.659054195,-8,31
6.243374278,-7,31
5.94485623,-6,31
7.070143592,-5,31
6.120030447,-4,31
6.181377211,-3,31
4.433345244,-2,31
4.958963458,-1,31
3.702886653,0,31
6.466807817,1,31
5.850340545,2,31
5.241870257,3,31
3.946950629,4,31
3.251818602,5,31
3.884988655,6,31
3.331252626,7,31
3.024581246,8,31
3.574862096,9,31
3.188474665,10,31
-0.060881336,-10,32
0.259962915,-9,32
-0.422151649,-8,32
-1.105763256,-7,32
0.157711806,-6,32
-0.276898389,-5,32
0.023889838,-4,32
0.781523335,-3,32
0.515300531,-2,32
-0.427829753,-1,32
0.540511245,0,32
2.36863554,1,32
0.736916676,2,32
2.791723856,3,32
4.791502276,4,32
4.33550686,5,32
3.546153744,6,32
4.629988059,7,32
5.398063751,8,32
3.667715904,9,32
3.200302732,10,32
8.788510075,-10,33
8.00669865,-9,33
9.756704977,-8,33
11.03927587,-7,33
12.55910197,-6,33
13.10742751,-5,33
12.41241664,-4,33
13.17772785,-3,33
13.32530254,-2,33
13.94421613,-1,33
13.72789889,0,33
12.63102916,1,33
14.24988089,2,33
13.571437,3,33
14.94501045,4,33
12.71489549,5,33
14.64927941,6,33
15.41344952,7,33
14.45823341,8,33
15.12133169,9,33
15.72953279,10,33
-2.090394246,-10,34
-2.05660544,-9,34
-1.608226183,-8,34
-1.669448091,-7,34
-2.092400583,-6,34
-0.734173249,-5,34
-1.323763489,-4,34
-2.488746282,-3,34
-0.807855602,-2,34
-0.112360006,-1,34
-0.268068447,0,34
-1.394418399,1,34
-2.697187962,2,34
-3.20784849,3,34
-3.71366164,4,34
-2.5111316,5,34
-3.112548048,6,34
-4.390507303,7,34
-4.853813411,8,34
-5.048661978,9,34
-3.486244974,10,34
-8.416912916,-10,35
-7.704644212,-9,35
-6.31837182,-8,35
-5.062125194,-7,35
-7.873081933,-6,35
-5.884169929,-5,35
-6.706273782,-4,35
-4.707284819,-3,35
-2.730067221,-2,35
-3.480848631,-1,35
-1.659225876,0,35
-1.966815954,1,35
-1.191694823,2,35
-1.247711161,3,35
-0.437099217,4,35
1.279204597,5,35
1.147177846,6,35
0.646896255,7,35
1.250214053,8,35
1.348999514,9,35
2.102221963,10,35
-6.219212666,-10,36
-9.711097754,-9,36
-10.73662249,-8,36
-9.4431489,-7,36
-10.37529763,-6,36
-10.89302944,-5,36
-9.562117416,-4,36
-8.671455829,-3,36
-8.785273252,-2,36
-10.04689483,-1,36
-9.473712917,0,36
-7.538545354,1,36
-7.268525928,2,36
-7.577563162,3,36
-8.990955319,4,36
-7.69191172,5,36
-5.974583007,6,36
-6.812823478,7,36
-6.043637517,8,36
-5.767728526,9,36
-8.134327536,10,36
-5.543707681,-10,37
-6.229303215,-9,37
-4.647087986,-8,37
-4.690579846,-7,37
-6.71691383,-6,37
-5.780321127,-5,37
-6.120538372,-4,37
-5.522494769,-3,37
-5.989189376,-2,37
-3.816950099,-1,37
-5.434596984,0,37
-6.473267453,1,37
-4.328798638,2,37
-4.185891268,3,37
-1.711192267,4,37
-2.45694327,5,37
-2.636152335,6,37
-2.052558822,7,37
-0.592681892,8,37
-1.084308839,9,37
-1.385669922,10,37
11.14185472,-10,38
10.08373076,-9,38
11.34250447,-8,38
11.83759734,-7,38
11.66013753,-6,38
11.79257264,-5,38
11.12625595,-4,38
12.5414634,-3,38
15.29602826,-2,38
17.55911135,-1,38
16.65125998,0,38
16.96274595,1,38
17.55031632,2,38
18.47085295,3,38
17.98441946,4,38
17.95834679,5,38
19.57246313,6,38
19.07592914,7,38
18.12686452,8,38
18.65035815,9,38
20.70758199,10,38
6.285005904,-10,39
5.344507634,-9,39
3.347113663,-8,39
4.297691341,-7,39
3.572576781,-6,39
4.067555631,-5,39
4.043308252,-4,39
6.269841473,-3,39
6.55809573,-2,39
7.045599366,-1,39
7.077134568,0,39
5.670659332,1,39
4.141656851,2,39
6.147477159,3,39
6.067930804,4,39
3.845139172,5,39
4.312133507,6,39
5.717212427,7,39
5.047040749,8,39
2.985648435,9,39
3.73108577,10,39
-2.108762387,-10,40
-3.381797255,-9,40
-3.637481042,-8,40
-3.093080491,-7,40
-2.517669594,-6,40
-3.757576777,-5,40
-4.228857309,-4,40
-2.903595276,-3,40
-4.132970019,-2,40
-3.563124664,-1,40
-2.093143786,0,40
-3.50729494,1,40
-3.393831377,2,40
-5.08134189,3,40
-4.785875607,4,40
-3.611888208,5,40
-3.440096517,6,40
-4.606316128,7,40
-5.45751924,8,40
-2.904480645,9,40
-3.212740044,10,40
-8.786584167,-10,41
-6.348122807,-9,41
-8.323348938,-8,41
-9.280379195,-7,41
-8.864180836,-6,41
-10.04361733,-5,41
-10.39806645,-4,41
-9.352281597,-3,41
-10.17684837,-2,41
-10.24793426,-1,41
-9.626265551,0,41
-9.395554774,1,41
-8.742854293,2,41
-9.800723192,3,41
-9.252227755,4,41
-10.75768403,5,41
-8.475331218,6,41
-8.978951637,7,41
-8.774273115,8,41
-9.901265024,9,41
-12.22964086,10,41
10.20002036,-10,42
11.99654604,-9,42
13.18815661,-8,42
12.76628255,-7,42
11.22400308,-6,42
12.41988971,-5,42
12.053554,-4,42
13.4333903,-3,42
13.34355614,-2,42
13.2866727,-1,42
14.21708116,0,42
14.13552401,1,42
15.02799434,2,42
15.92472777,3,42
11.95630343,4,42
13.0189039,5,42
14.03570981,6,42
13.29858368,7,42
16.02767534,8,42
17.26429495,9,42
16.86634695,10,42
2.916683041,-10,43
2.084889391,-9,43
1.160883453,-8,43
2.65370624,-7,43
4.356485056,-6,43
3.586384003,-5,43
2.93041017,-4,43
3.415806627,-3,43
4.389661636,-2,43
3.626478887,-1,43
5.504012404,0,43
6.236953855,1,43
6.475028149,2,43
6.182090723,3,43
6.761670539,4,43
8.053880914,5,43
7.529147554,6,43
8.716117369,7,43
8.991428645,8,43
9.3317294,9,43
9.333982162,10,43
-4.670167985,-10,44
-7.785098336,-9,44
-7.926516479,-8,44
-8.410882992,-7,44
-8.411782708,-6,44
-6.87033365,-5,44
-7.139857864,-4,44
-7.109248852,-3,44
-5.970712359,-2,44
-5.984271754,-1,44
-5.355687928,0,44
-3.857068433,1,44
-2.193361307,2,44
-4.130337606,3,44
-4.254687388,4,44
-1.973594109,5,44
-2.068190491,6,44
-2.527050392,7,44
-2.64435943,8,44
-3.665681506,9,44
-3.884532926,10,44
10.73442738,-10,45
10.73172152,-9,45
11.65312392,-8,45
11.07273748,-7,45
9.766591162,-6,45
10.63418166,-5,45
10.21694746,-4,45
11.91306968,-3,45
14.00868043,-2,45
13.92571744,-1,45
15.5709854,0,45
14.77034692,1,45
14.54427212,2,45
15.62882119,3,45
15.30704219,4,45
15.609618,5,45
15.89703521,6,45
18.48616254,7,45
17.9687353,8,45
19.92451018,9,45
20.48805371,10,45
4.759122641,-10,46
3.827818117,-9,46
4.361903071,-8,46
4.420660411,-7,46
6.149716011,-6,46
6.399901072,-5,46
4.244053269,-4,46
6.313654997,-3,46
6.834596848,-2,46
5.038550903,-1,46
6.144658475,0,46
5.699398976,1,46
5.428265019,2,46
5.553733167,3,46
4.13451535,4,46
4.55071915,5,46
5.471593083,6,46
5.620957984,7,46
5.689533232,8,46
4.895083214,9,46
5.987420933,10,46
-6.685893195,-10,47
-5.542062007,-9,47
-4.119013023,-8,47
-3.758749176,-7,47
-2.12810467,-6,47
-5.406294763,-5,47
-4.25907211,-4,47
-2.344784321,-3,47
-3.226173112,-2,47
-1.956195384,-1,47
-1.581107357,0,47
-1.137476323,1,47
-0.99978025,2,47
-0.82579346,3,47
-2.084852789,4,47
-1.27784615,5,47
0.090859563,6,47
-0.290125293,7,47
0.300660163,8,47
1.341343415,9,47
1.420575489,10,47
-5.104546497,-10,48
-7.057310976,-9,48
-6.070455517,-8,48
-7.488944283,-7,48
-5.205400606,-6,48
-6.118306095,-5,48
-6.598003898,-4,48
-6.494562521,-3,48
-5.889590309,-2,48
-6.090220955,-1,48
-6.757566772,0,48
-7.22624171,1,48
-5.562913939,2,48
-7.577062882,3,48
-5.726828146,4,48
-8.158956723,5,48
-7.2895363,6,48
-7.429627128,7,48
-9.012044689,8,48
-9.676238939,9,48
-8.76987512,10,48
-1.227986031,-10,49
-1.074855295,-9,49
-1.630427027,-8,49
-1.474928962,-7,49
-1.830924787,-6,49
-3.139566522,-5,49
-2.31241746,-4,49
-1.460736145,-3,49
-2.763379859,-2,49
-2.932723083,-1,49
-2.325922627,0,49
-0.664376818,1,49
-2.370067419,2,49
-2.834120105,3,49
-2.147493361,4,49
-4.499304862,5,49
-3.885549668,6,49
-7.542305981,7,49
-7.433922932,8,49
-7.615950903,9,49
-8.502481249,10,49
-1.679428719,-10,50
-0.417871974,-9,50
-0.098148371,-8,50
-0.552389877,-7,50
-1.382766645,-6,50
0.54891682,-5,50
-0.021053013,-4,50
-0.112536595,-3,50
-0.638563113,-2,50
0.355685703,-1,50
-0.554466173,0,50
-1.625019872,1,50
-1.78156469,2,50
-2.895707725,3,50
-1.080945087,4,50
-2.464837437,5,50
-1.431122466,6,50
-1.354050164,7,50
-2.150363672,8,50
-2.572239004,9,50
-4.044802546,10,50
2.765410977,-10,51
4.720743475,-9,51
4.105879285,-8,51
4.677427667,-7,51
3.838530775,-6,51
4.973249359,-5,51
5.995959921,-4,51
5.922455954,-3,51
6.989403285,-2,51
9.042447663,-1,51
8.345450977,0,51
7.826170609,1,51
8.802244641,2,51
7.815723234,3,51
8.921377581,4,51
8.696106427,5,51
9.888706874,6,51
9.884131345,7,51
11.73381612,8,51
10.80330384,9,51
10.04488673,10,51
-9.220444745,-10,52
-10.47916129,-9,52
-11.845681,-8,52
-9.434711064,-7,52
-11.6334881,-6,52
-10.20215179,-5,52
-11.63373201,-4,52
-9.818633994,-3,52
-10.93273827,-2,52
-8.643938543,-1,52
-9.094393204,0,52
-10.46829103,1,52
-9.784131658,2,52
-8.739569974,3,52
-8.170443618,4,52
-7.852596744,5,52
-9.120598818,6,52
-7.344337091,7,52
-7.990919052,8,52
-9.017473915,9,52
-8.855438656,10,52
-7.726783785,-10,53
-7.393015166,-9,53
-8.43956014,-8,53
-8.827142159,-7,53
-9.658157227,-6,53
-10.03633719,-5,53
-9.670488089,-4,53
-10.7334574,-3,53
-8.422783688,-2,53
-9.502327105,-1,53
-10.36815435,0,53
-10.96295814,1,53
-8.725654669,2,53
-9.759285547,3,53
-8.441848496,4,53
-10.41229331,5,53
-8.689661838,6,53
-8.862707892,7,53
-9.718697334,8,53
-10.51189987,9,53
-10.44155575,10,53
20.11905827,-10,54
21.15131092,-9,54
19.60292359,-8,54
19.96294119,-7,54
20.85658625,-6,54
22.00866305,-5,54
20.86586076,-4,54
21.28906747,-3,54
24.6793665,-2,54
26.20991593,-1,54
23.65572976,0,54
24.12028802,1,54
22.77740143,2,54
21.97002484,3,54
22.88520312,4,54
23.66547728,5,54
22.88174755,6,54
21.20659882,7,54
20.59943591,8,54
20.48010306,9,54
19.06272164,10,54
-3.400605721,-10,55
-4.22746344,-9,55
-2.793692874,-8,55
-3.730892087,-7,55
-4.698496104,-6,55
-5.528432079,-5,55
-5.034783146,-4,55
-5.886420387,-3,55
-5.326857139,-2,55
-3.826714933,-1,55
-3.364955609,0,55
-4.085671018,1,55
-2.899283156,2,55
-3.349260593,3,55
-2.759157976,4,55
-3.618068322,5,55
-1.536618738,6,55
-0.580674657,7,55
0.262851469,8,55
0.865031433,9,55
1.145427874,10,55
10.21845551,-10,56
10.1355553,-9,56
10.81303634,-8,56
10.37137378,-7,56
13.04348674,-6,56
12.91769902,-5,56
12.13776144,-4,56
14.87493617,-3,56
15.32821161,-2,56
13.81627913,-1,56
14.95265893,0,56
14.9840853,1,56
15.78537369,2,56
15.44117026,3,56
15.72703866,4,56
16.98147055,5,56
18.84793091,6,56
18.91508362,7,56
18.98917519,8,56
19.98253701,9,56
21.0385804,10,56
2.248658905,-10,57
2.197695625,-9,57
3.072328171,-8,57
2.441061684,-7,57
2.896080769,-6,57
4.583266415,-5,57
0.669996286,-4,57
2.204499711,-3,57
4.045278163,-2,57
1.613501544,-1,57
2.117996316,0,57
3.416470731,1,57
4.351524742,2,57
6.092696356,3,57
6.017097221,4,57
6.483648694,5,57
6.645944397,6,57
8.061919602,7,57
8.362994275,8,57
8.012518034,9,57
7.968747214,10,57
3.447347591,-10,58
4.369672595,-9,58
5.756921314,-8,58
4.674260604,-7,58
4.692954901,-6,58
4.670954263,-5,58
6.562502867,-4,58
5.776884515,-3,58
5.67052256,-2,58
6.518671378,-1,58
5.428796685,0,58
7.371512623,1,58
5.882848334,2,58
6.785976961,3,58
5.993356733,4,58
6.857131684,5,58
6.213819762,6,58
6.952479735,7,58
5.15367352,8,58
5.275204421,9,58
4.374988572,10,58
13.12848293,-10,59
11.36477388,-9,59
11.76370621,-8,59
13.23385876,-7,59
15.3148459,-6,59
15.30352363,-5,59
16.6033706,-4,59
15.40098769,-3,59
13.63243567,-2,59
15.67647219,-1,59
15.47130138,0,59
13.70498654,1,59
15.64409876,2,59
14.42660558,3,59
15.15765582,4,59
15.36407716,5,59
14.34837443,6,59
14.89944469,7,59
14.47012853,8,59
14.77173577,9,59
14.41340732,10,59
15.78026817,-10,60
15.14735857,-9,60
15.95176415,-8,60
16.21883214,-7,60
17.44460365,-6,60
17.61874476,-5,60
17.75512463,-4,60
18.26135159,-3,60
18.70260758,-2,60
19.15085832,-1,60
19.06731048,0,60
20.48429736,1,60
20.9311167,2,60
21.36426001,3,60
21.67590222,4,60
19.71192752,5,60
19.44559,6,60
19.1287793,7,60
19.6683748,8,60
20.78894036,9,60
18.97666461,10,60
-10.71861591,-10,61
-11.07295515,-9,61
-12.77069338,-8,61
-13.27102928,-7,61
-13.48340606,-6,61
-12.7254043,-5,61
-12.84546639,-4,61
-13.29193984,-3,61
-13.21172351,-2,61
-13.72952703,-1,61
-13.72072261,0,61
-13.39364218,1,61
-14.17618482,2,61
-13.3064516,3,61
-13.24576658,4,61
-12.95492464,5,61
-13.22978993,6,61
-12.6112504,7,61
-12.16311902,8,61
-13.86267493,9,61
-15.43771148,10,61
-9.065193455,-10,62
-8.055656093,-9,62
-6.987717557,-8,62
-7.80733126,-7,62
-7.485525787,-6,62
-8.432522744,-5,62
-9.281089658,-4,62
-10.65769482,-3,62
-10.04065234,-2,62
-9.3245669,-1,62
-10.9841725,0,62
-10.58971488,1,62
-10.99038928,2,62
-9.277518929,3,62
-7.553567486,4,62
-6.910827313,5,62
-7.349376696,6,62
-7.323690001,7,62
-6.251364751,8,62
-6.102985816,9,62
-8.451079292,10,62
9.286431644,-10,63
9.581217066,-9,63
11.3405291,-8,63
10.76803908,-7,63
11.17319784,-6,63
10.14355156,-5,63
12.39404402,-4,63
11.03363278,-3,63
11.95470486,-2,63
11.52556235,-1,63
12.95919094,0,63
11.60276639,1,63
13.63828958,2,63
13.31500452,3,63
12.65133562,4,63
13.76155389,5,63
13.19489292,6,63
15.14343444,7,63
14.9819324,8,63
13.55254447,9,63
15.00643842,10,63
-13.8952944,-10,64
-15.1822926,-9,64
-12.99367485,-8,64
-11.979488,-7,64
-12.92838241,-6,64
-14.34116429,-5,64
-13.3725626,-4,64
-13.78219149,-3,64
-13.93524044,-2,64
-11.74347319,-1,64
-12.4681731,0,64
-11.21375496,1,64
-11.67951048,2,64
-10.86215235,3,64
-10.86519006,4,64
-10.96388302,5,64
-10.82225948,6,64
-10.63116766,7,64
-11.90773289,8,64
-12.90750611,9,64
-12.04975762,10,64
-4.939807795,-10,65
-6.149742465,-9,65
-5.371621679,-8,65
-5.508388481,-7,65
-5.647739964,-6,65
-5.743744761,-5,65
-8.251652278,-4,65
-6.770758684,-3,65
-7.608459956,-2,65
-8.037153573,-1,65
-8.105502169,0,65
-7.016615808,1,65
-7.880361274,2,65
-5.643972119,3,65
-3.50684364,4,65
-3.288820124,5,65
-5.155027113,6,65
-5.157349199,7,65
-3.431959644,8,65
-5.171459407,9,65
-4.670415651,10,65
0.959125724,-10,66
1.896078918,-9,66
1.437777935,-8,66
1.074079164,-7,66
1.378365079,-6,66
3.253628187,-5,66
2.115512959,-4,66
2.716319744,-3,66
1.972186497,-2,66
4.336330592,-1,66
5.955687621,0,66
7.126849724,1,66
5.03964662,2,66
6.155006277,3,66
5.474727909,4,66
6.117636013,5,66
7.175116191,6,66
7.107016385,7,66
6.244674802,8,66
6.04220315,9,66
7.414939559,10,66
-6.009389014,-10,67
-6.465323914,-9,67
-6.167084428,-8,67
-6.242029652,-7,67
-6.386460688,-6,67
-5.15813996,-5,67
-4.497267492,-4,67
-3.752862582,-3,67
-5.342968139,-2,67
-6.243183905,-1,67
-5.351567204,0,67
-3.993737765,1,67
-3.233191117,2,67
-5.088925538,3,67
-3.953876857,4,67
-4.337493666,5,67
-4.448119452,6,67
-3.8455495,7,67
-2.440202468,8,67
-3.716428963,9,67
-3.144269119,10,67
2.925468247,-10,68
2.656461426,-9,68
3.65974872,-8,68
2.847997393,-7,68
4.925163496,-6,68
4.276901588,-5,68
4.23167749,-4,68
5.231359265,-3,68
4.980495195,-2,68
4.83931759,-1,68
5.555687932,0,68
6.293553647,1,68
6.726091419,2,68
6.669638345,3,68
6.431172015,4,68
5.744387366,5,68
6.344163742,6,68
5.860363742,7,68
8.061108352,8,68
8.217332326,9,68
7.796406521,10,68
3.854124586,-10,69
1.851153413,-9,69
2.705877944,-8,69
3.100612091,-7,69
4.127165785,-6,69
4.657802021,-5,69
5.058567696,-4,69
4.364761751,-3,69
7.007312619,-2,69
8.560440583,-1,69
9.55675534,0,69
7.261017397,1,69
7.086641474,2,69
5.96599371,3,69
6.080865736,4,69
8.495967272,5,69
8.368848115,6,69
9.4081124,7,69
7.134167454,8,69
8.57082342,9,69
7.605273983,10,69
0.996496893,-10,70
1.555244662,-9,70
1.422842999,-8,70
0.341931131,-7,70
0.189390885,-6,70
0.867225927,-5,70
0.897085366,-4,70
1.612898557,-3,70
2.104045623,-2,70
3.627571452,-1,70
3.463783841,0,70
4.917896066,1,70
5.779562801,2,70
6.582604548,3,70
5.04168014,4,70
4.517896096,5,70
6.307834064,6,70
7.772032338,7,70
9.128853557,8,70
9.305353395,9,70
8.251020697,10,70
-3.068843343,-10,71
-4.174196661,-9,71
-2.884897486,-8,71
-2.718932806,-7,71
-1.896729885,-6,71
-1.054060469,-5,71
-0.715910431,-4,71
-2.862832907,-3,71
-3.851938532,-2,71
-2.852749876,-1,71
-3.325685478,0,71
-2.141101778,1,71
-2.389141774,2,71
-1.872627287,3,71
0.242116576,4,71
-0.903108124,5,71
-0.950958129,6,71
-3.233586512,7,71
-0.500507596,8,71
0.035101188,9,71
-0.02616042,10,71
7.350570898,-10,72
8.458676757,-9,72
7.083318908,-8,72
6.858585361,-7,72
7.778507643,-6,72
9.269851916,-5,72
11.25995094,-4,72
12.30098408,-3,72
12.08918472,-2,72
13.33321063,-1,72
12.80984932,0,72
14.79108821,1,72
15.16057463,2,72
17.19910692,3,72
15.30516951,4,72
16.86592594,5,72
18.60356374,6,72
17.20507115,7,72
17.807514,8,72
19.58368099,9,72
19.44716015,10,72
-0.878503935,-10,73
0.102159698,-9,73
-0.650765266,-8,73
-0.93674491,-7,73
0.014028129,-6,73
-1.576069466,-5,73
-0.759308697,-4,73
0.132631944,-3,73
-0.494231084,-2,73
0.743750353,-1,73
0.257790001,0,73
0.665807612,1,73
1.221899183,2,73
2.161133151,3,73
1.824201191,4,73
2.443401249,5,73
4.228658453,6,73
3.360312141,7,73
4.562943707,8,73
3.875533604,9,73
4.635950369,10,73
13.74970188,-10,74
15.43751473,-9,74
14.56648377,-8,74
13.47249595,-7,74
15.06606632,-6,74
15.59237202,-5,74
17.53771514,-4,74
17.31595697,-3,74
17.84055372,-2,74
17.91593747,-1,74
19.05321696,0,74
18.86135461,1,74
20.05500277,2,74
19.02718536,3,74
19.02402428,4,74
19.77373504,5,74
18.33123121,6,74
19.11485211,7,74
19.95055288,8,74
19.83875386,9,74
19.1024561,10,74
-15.93479153,-10,75
-16.32594153,-9,75
-16.04319373,-8,75
-16.55568526,-7,75
-15.97851771,-6,75
-14.17822613,-5,75
-15.77610205,-4,75
-15.43287488,-3,75
-15.53522141,-2,75
-15.18265781,-1,75
-15.97892172,0,75
-15.29143278,1,75
-13.5431459,2,75
-12.57361123,3,75
-13.34359355,4,75
-10.83858321,5,75
-10.86458765,6,75
-9.554972817,7,75
-10.77575542,8,75
-11.00152253,9,75
-11.42821085,10,75
-12.20468689,-10,76
-11.41629328,-9,76
-11.57550545,-8,76
-10.87944864,-7,76
-12.02773871,-6,76
-12.76126319,-5,76
-11.60974878,-4,76
-11.79354758,-3,76
-13.31783038,-2,76
-12.25852758,-1,76
-12.4739758,0,76
-14.21127869,1,76
-11.44588504,2,76
-11.75435299,3,76
-12.33551593,4,76
-11.70826865,5,76
-12.85507819,6,76
-13.09052271,7,76
-13.00117827,8,76
-12.25280649,9,76
-12.40807033,10,76
1.087786514,-10,77
1.516012098,-9,77
2.383648746,-8,77
0.700170942,-7,77
1.173987398,-6,77
1.492073359,-5,77
1.307798816,-4,77
0.453586441,-3,77
0.849380093,-2,77
1.603647181,-1,77
3.515906141,0,77
2.957855422,1,77
2.520580216,2,77
4.008436152,3,77
5.551995937,4,77
7.776875725,5,77
5.957576829,6,77
5.186905378,7,77
5.904639035,8,77
7.338143816,9,77
4.347284794,10,77
-13.36473287,-10,78
-11.58109025,-9,78
-12.88433761,-8,78
-15.31419308,-7,78
-15.63252125,-6,78
-14.6792921,-5,78
-15.01403511,-4,78
-13.41414263,-3,78
-12.3590254,-2,78
-12.0628654,-1,78
-10.9078385,0,78
-11.9448896,1,78
-11.19434279,2,78
-11.95848007,3,78
-9.924003722,4,78
-10.74996075,5,78
-11.20421841,6,78
-9.353479968,7,78
-7.077902978,8,78
-8.516975901,9,78
-7.695541203,10,78
0.605722125,-10,79
0.621290259,-9,79
0.046078048,-8,79
-1.051140848,-7,79
-1.457227026,-6,79
-1.493117569,-5,79
0.11913877,-4,79
0.826638756,-3,79
-0.180546252,-2,79
0.666766981,-1,79
2.754384678,0,79
0.62106864,1,79
0.257158457,2,79
1.125875156,3,79
3.318960916,4,79
2.586992878,5,79
3.791076032,6,79
3.781936674,7,79
2.486846797,8,79
5.302997589,9,79
5.230638819,10,79
-14.29232188,-10,80
-14.46634651,-9,80
-13.44446393,-8,80
-14.74095797,-7,80
-15.08982716,-6,80
-13.8535173,-5,80
-14.45127561,-4,80
-16.49758656,-3,80
-15.4406486,-2,80
-16.94878621,-1,80
-15.22225121,0,80
-15.19209599,1,80
-13.98616719,2,80
-13.33235315,3,80
-13.35524262,4,80
-13.16341709,5,80
-12.53305134,6,80
-11.10936314,7,80
-9.805576282,8,80
-11.49343523,9,80
-12.29291649,10,80
3.542606932,-10,81
2.934934725,-9,81
4.185021197,-8,81
4.452162041,-7,81
2.845859365,-6,81
2.853094135,-5,81
2.925969426,-4,81
1.295891782,-3,81
1.710432193,-2,81
4.096376434,-1,81
3.020903173,0,81
1.004458755,1,81
1.043861785,2,81
2.640824498,3,81
3.143816603,4,81
2.5002259,5,81
1.988245081,6,81
0.253070131,7,81
-1.203362225,8,81
-0.287746843,9,81
-0.163666269,10,81
-5.383546781,-10,82
-2.893381682,-9,82
-3.462953314,-8,82
-4.636338499,-7,82
-6.16329911,-6,82
-4.710673655,-5,82
-2.136216856,-4,82
-3.55107746,-3,82
-3.730947046,-2,82
-3.954278279,-1,82
-4.025322408,0,82
-3.10068163,1,82
-3.14692414,2,82
-3.078644001,3,82
-3.889818919,4,82
-5.38547332,5,82
-6.257921306,6,82
-6.789604524,7,82
-5.996822167,8,82
-7.035341003,9,82
-7.022370455,10,82
9.329225409,-10,83
9.962112536,-9,83
11.39124153,-8,83
13.02260969,-7,83
13.31830442,-6,83
12.73067206,-5,83
14.54893485,-4,83
15.14792228,-3,83
13.69125714,-2,83
12.80270053,-1,83
13.75476155,0,83
14.79558675,1,83
15.02103625,2,83
15.65447509,3,83
15.38861923,4,83
16.05800597,5,83
16.65573034,6,83
17.25814638,7,83
17.07157009,8,83
17.00729288,9,83
16.82864122,10,83
0.146379383,-10,84
0.571417218,-9,84
0.532135973,-8,84
0.788829317,-7,84
0.84202081,-6,84
1.214462483,-5,84
1.042381873,-4,84
3.079873101,-3,84
3.775577613,-2,84
2.803055454,-1,84
2.163281471,0,84
1.71169138,1,84
4.107698539,2,84
3.197300775,3,84
3.872593277,4,84
5.932755203,5,84
5.215184722,6,84
5.579330551,7,84
5.023902381,8,84
5.621295891,9,84
4.448842108,10,84
11.31221135,-10,85
10.94718397,-9,85
12.18039333,-8,85
12.93464821,-7,85
13.81738758,-6,85
11.89953944,-5,85
12.20246536,-4,85
14.41719052,-3,85
16.02584404,-2,85
15.45059576,-1,85
15.40517338,0,85
17.70230749,1,85
19.63033171,2,85
19.23726127,3,85
18.62916211,4,85
19.46940095,5,85
19.72701648,6,85
20.60021178,7,85
20.7079371,8,85
20.6500273,9,85
20.47879956,10,85
8.793359789,-10,86
8.105711971,-9,86
7.220792677,-8,86
7.972705916,-7,86
8.676811436,-6,86
9.531122536,-5,86
10.46753958,-4,86
10.13730399,-3,86
9.611270637,-2,86
11.80065924,-1,86
11.10992222,0,86
11.32347442,1,86
10.81988629,2,86
8.912906649,3,86
10.18621516,4,86
9.996356929,5,86
10.97587926,6,86
10.27573513,7,86
10.69409789,8,86
8.649354706,9,86
9.434818623,10,86
0.050135374,-10,87
-1.707130335,-9,87
-0.617990091,-8,87
0.272454587,-7,87
-0.340143874,-6,87
1.475543473,-5,87
0.618524004,-4,87
1.894177103,-3,87
1.805698434,-2,87
2.372890038,-1,87
1.75455862,0,87
3.367386652,1,87
2.527892552,2,87
2.453486597,3,87
3.569977977,4,87
3.900226741,5,87
3.997400728,6,87
4.156458224,7,87
4.875611206,8,87
6.105829807,9,87
5.7487139,10,87
-21.75316941,-10,88
-21.82284384,-9,88
-20.04992911,-8,88
-18.4194267,-7,88
-20.68870895,-6,88
-20.34506677,-5,88
-19.39027195,-4,88
-19.42384292,-3,88
-20.28249251,-2,88
-19.92069665,-1,88
-17.36460492,0,88
-15.99175327,1,88
-16.57806455,2,88
-16.11914872,3,88
-16.10703095,4,88
-14.46626626,5,88
-14.80348004,6,88
-12.34434492,7,88
-11.13385023,8,88
-11.30138158,9,88
-10.91651616,10,88
5.256822967,-10,89
7.524684229,-9,89
7.789652921,-8,89
6.808231712,-7,89
5.681927368,-6,89
5.960459848,-5,89
6.937395279,-4,89
6.205696929,-3,89
9.873574994,-2,89
9.414928002,-1,89
9.892081726,0,89
10.36788284,1,89
12.69994329,2,89
12.44067104,3,89
12.11433689,4,89
11.83122723,5,89
12.22582835,6,89
14.29925374,7,89
15.02345163,8,89
14.74830564,9,89
15.50888869,10,89
7.727765904,-10,90
6.028470437,-9,90
3.883815119,-8,90
5.339329643,-7,90
4.170647574,-6,90
7.904002712,-5,90
8.365805359,-4,90
7.639627425,-3,90
7.047753036,-2,90
7.641591606,-1,90
9.730790093,0,90
9.192759124,1,90
8.824568673,2,90
9.439896052,3,90
8.911038821,4,90
9.012211048,5,90
8.462556734,6,90
8.3009731,7,90
7.794557649,8,90
6.981147359,9,90
7.814965339,10,90
9.181725675,-10,91
9.319329845,-9,91
9.016480601,-8,91
9.367061576,-7,91
9.307834853,-6,91
9.573979634,-5,91
10.80836089,-4,91
10.00528169,-3,91
9.995060787,-2,91
12.2466666,-1,91
13.45751233,0,91
10.46584761,1,91
13.7555869,2,91
11.20322895,3,91
12.34794845,4,91
11.57128549,5,91
11.65181537,6,91
12.85779733,7,91
15.19133739,8,91
14.44386866,9,91
14.76309192,10,91
-3.90588797,-10,92
-1.549959318,-9,92
-1.139581555,-8,92
-2.732442628,-7,92
-4.221059693,-6,92
-4.458925308,-5,92
-3.49946472,-4,92
-3.952998909,-3,92
-3.468882771,-2,92
-3.921558371,-1,92
-1.885540937,0,92
-2.407240937,1,92
-1.404713985,2,92
-0.989946727,3,92
-1.189681775,4,92
-0.464043588,5,92
0.927795498,6,92
0.2951792,7,92
-0.232622054,8,92
0.164075988,9,92
0.095898128,10,92
-2.386755304,-10,93
-0.12390294,-9,93
0.960681883,-8,93
3.010821426,-7,93
1.014185926,-6,93
1.495175799,-5,93
3.233114402,-4,93
3.049303561,-3,93
5.133145244,-2,93
5.627173448,-1,93
4.921651936,0,93
4.924796828,1,93
3.924849765,2,93
5.234088661,3,93
5.731349647,4,93
7.511592,5,93
7.966232187,6,93
7.26451533,7,93
8.652274236,8,93
7.120353449,9,93
7.847989342,10,93
3.767443683,-10,94
5.59187386,-9,94
6.472187737,-8,94
5.350159332,-7,94
3.59152259,-6,94
4.638741164,-5,94
6.691283242,-4,94
5.213634956,-3,94
7.265771305,-2,94
6.68016589,-1,94
6.213129929,0,94
6.52581539,1,94
10.63793916,2,94
11.49510987,3,94
11.42676113,4,94
11.03465709,5,94
10.34047876,6,94
11.0137647,7,94
12.55438004,8,94
12.16487564,9,94
12.75076818,10,94
5.984100566,-10,95
5.658736971,-9,95
5.780102428,-8,95
5.558100303,-7,95
4.448218289,-6,95
6.953010221,-5,95
9.910944908,-4,95
9.32317021,-3,95
9.626310505,-2,95
10.63962409,-1,95
10.65957783,0,95
12.30764743,1,95
10.84266216,2,95
11.95577984,3,95
11.37082826,4,95
12.9406954,5,95
13.81674708,6,95
12.8667993,7,95
12.24832722,8,95
13.44575648,9,95
12.43004695,10,95
-5.068484292,-10,96
-5.60448964,-9,96
-4.096602572,-8,96
-4.060898856,-7,96
-4.510339199,-6,96
-4.917971515,-5,96
-3.344402102,-4,96
-4.411455084,-3,96
-3.54684043,-2,96
-2.41049115,-1,96
-2.965668201,0,96
-3.394068881,1,96
-0.332437513,2,96
0.23469962,3,96
-1.167211491,4,96
-0.902234725,5,96
0.040673462,6,96
-0.41765741,7,96
0.135653223,8,96
-0.558807537,9,96
0.780580837,10,96
-8.852141784,-10,97
-7.641284811,-9,97
-9.16834673,-8,97
-10.58275751,-7,97
-11.06728754,-6,97
-9.49074626,-5,97
-9.119268101,-4,97
-7.942869432,-3,97
-6.210992194,-2,97
-7.47780728,-1,97
-7.231695547,0,97
-5.611304043,1,97
-4.458179235,2,97
-4.568352841,3,97
-3.333332093,4,97
-1.753010604,5,97
-3.089243098,6,97
-2.878086543,7,97
-2.160124701,8,97
-2.085650962,9,97
-0.966027523,10,97
-1.878645044,-10,98
-3.213414523,-9,98
-1.919468596,-8,98
-2.439940242,-7,98
-2.169549083,-6,98
-1.570478369,-5,98
-2.369400888,-4,98
-2.946161937,-3,98
-2.827514572,-2,98
-2.570581858,-1,98
-0.719205887,0,98
-0.968917661,1,98
-0.999039492,2,98
-0.77149967,3,98
-1.621627266,4,98
-2.069603333,5,98
-1.319584751,6,98
-1.086992889,7,98
-0.974886359,8,98
-1.595872633,9,98
-0.78789818,10,98
1.57348842,-10,99
0.263972729,-9,99
1.162105276,-8,99
-0.287233377,-7,99
1.861408406,-6,99
0.82925492,-5,99
1.201163862,-4,99
2.479259482,-3,99
4.080404886,-2,99
5.031092898,-1,99
3.299234478,0,99
4.151334294,1,99
4.644913487,2,99
4.023713699,3,99
3.342720282,4,99
4.710601593,5,99
4.184042247,6,99
5.692622506,7,99
4.542951127,8,99
5.767650159,9,99
6.654413175,10,99
-6.118671387,-10,100
-5.719051599,-9,100
-4.907422082,-8,100
-3.950262378,-7,100
-4.270161417,-6,100
-6.173173975,-5,100
-7.704009065,-4,100
-6.997930226,-3,100
-7.060681925,-2,100
-7.104404952,-1,100
-7.251506168,0,100
-6.097484326,1,100
-5.873168893,2,100
-6.988345379,3,100
-4.457487716,4,100
-4.108235932,5,100
-3.753580477,6,100
-3.875176944,7,100
-4.710582235,8,100
-4.632422704,9,100
-4.479523775,10,100
10.97882777,-10,101
11.89450078,-9,101
11.27726414,-8,101
12.57295816,-7,101
13.01280771,-6,101
12.53398268,-5,101
13.13117304,-4,101
13.55055218,-3,101
13.56397346,-2,101
14.79543592,-1,101
15.60875877,0,101
14.67755106,1,101
15.39545591,2,101
15.93354959,3,101
14.644935,4,101
14.08657947,5,101
15.32681717,6,101
16.51113012,7,101
16.95571368,8,101
17.90061457,9,101
18.39688023,10,101
-10.6059363,-10,102
-7.756779656,-9,102
-9.962935805,-8,102
-9.715902442,-7,102
-10.76956724,-6,102
-9.674428392,-5,102
-11.91204314,-4,102
-10.51366979,-3,102
-9.183959041,-2,102
-9.331864531,-1,102
-8.920388822,0,102
-6.754557268,1,102
-7.10132287,2,102
-7.711011551,3,102
-7.473070337,4,102
-7.542775052,5,102
-6.846884864,6,102
-4.078567619,7,102
-4.762076091,8,102
-3.923375821,9,102
-3.726435221,10,102
-6.44152207,-10,103
-7.233374626,-9,103
-8.069373865,-8,103
-6.097502011,-7,103
-7.133641396,-6,103
-7.214405808,-5,103
-7.791077258,-4,103
-8.036329828,-3,103
-7.578422141,-2,103
-7.168347131,-1,103
-8.877303899,0,103
-7.333805645,1,103
-6.88910839,2,103
-6.857223263,3,103
-5.152679141,4,103
-4.405167527,5,103
-6.078826137,6,103
-4.217373207,7,103
-3.208892031,8,103
-5.517360261,9,103
-5.90414019,10,103
4.760293084,-10,104
4.45728024,-9,104
4.16141739,-8,104
4.3061495,-7,104
5.044204364,-6,104
5.996217822,-5,104
6.592530514,-4,104
6.552058154,-3,104
8.867658081,-2,104
8.536208957,-1,104
10.21963782,0,104
9.763247977,1,104
10.27154575,2,104
11.33334228,3,104
11.31197058,4,104
12.27056478,5,104
13.75781492,6,104
12.22926161,7,104
10.97759008,8,104
12.13012462,9,104
14.16293845,10,104
8.931300508,-10,105
8.082263461,-9,105
9.193370348,-8,105
8.957798131,-7,105
9.253709096,-6,105
9.495309044,-5,105
7.859083732,-4,105
9.212191997,-3,105
9.134787644,-2,105
7.540812898,-1,105
9.583850346,0,105
8.205395213,1,105
8.645362922,2,105
8.686435588,3,105
9.921769288,4,105
9.379726252,5,105
9.46331385,6,105
9.747270306,7,105
11.1675528,8,105
10.50951323,9,105
11.29788073,10,105
-8.580051067,-10,106
-8.699225634,-9,106
-9.079154024,-8,106
-8.260495868,-7,106
-8.950946425,-6,106
-10.12810282,-5,106
-9.807239802,-4,106
-7.976913647,-3,106
-7.930634517,-2,106
-9.612001995,-1,106
-7.988298083,0,106
-9.824516805,1,106
-8.244538029,2,106
-7.164235804,3,106
-8.119959965,4,106
-7.634736256,5,106
-7.824698149,6,106
-5.628845078,7,106
-6.25093092,8,106
-5.802438874,9,106
-7.108019728,10,106
21.43660529,-10,107
20.51399735,-9,107
20.69801549,-8,107
20.99477259,-7,107
23.21388075,-6,107
23.69557515,-5,107
24.56182307,-4,107
24.34348551,-3,107
25.2760914,-2,107
23.15157752,-1,107
23.50092979,0,107
24.14610336,1,107
24.66654026,2,107
24.51901828,3,107
23.91034181,4,107
23.44627106,5,107
21.51085714,6,107
23.81280009,7,107
23.00342865,8,107
23.15177018,9,107
22.89936204,10,107
-0.678945462,-10,108
0.544425014,-9,108
1.038561709,-8,108
1.890997539,-7,108
1.498136858,-6,108
1.474934096,-5,108
2.065212523,-4,108
1.827984871,-3,108
1.926858819,-2,108
3.329956284,-1,108
2.355383177,0,108
4.147375718,1,108
3.816401521,2,108
2.778643556,3,108
2.416478444,4,108
3.275756963,5,108
4.831552533,6,108
5.567546717,7,108
4.871561167,8,108
3.744010772,9,108
3.959710677,10,108
-9.279573808,-10,109
-10.68234996,-9,109
-10.10703804,-8,109
-10.73420887,-7,109
-11.69314912,-6,109
-11.23837905,-5,109
-10.08000311,-4,109
-10.0085479,-3,109
-9.231290709,-2,109
-8.139580499,-1,109
-7.935206199,0,109
-7.15813948,1,109
-6.591220129,2,109
-6.968759719,3,109
-5.297780432,4,109
-6.061347075,5,109
-6.490208521,6,109
-5.283395838,7,109
-4.160896255,8,109
-4.772342072,9,109
-2.689239091,10,109
-6.559746196,-10,110
-6.140403728,-9,110
-6.824704089,-8,110
-7.05810595,-7,110
-7.456614287,-6,110
-7.868928232,-5,110
-7.858247297,-4,110
-8.024315605,-3,110
-9.291882608,-2,110
-9.02473148,-1,110
-9.226343571,0,110
-8.001224277,1,110
-9.646941712,2,110
-7.849704086,3,110
-9.963175702,4,110
-8.246048059,5,110
-9.261438633,6,110
-10.48737803,7,110
-9.708631882,8,110
-11.59214039,9,110
-10.3600455,10,110
-0.17874698,-10,111
-0.566361699,-9,111
0.447986498,-8,111
-1.238720868,-7,111
0.305090475,-6,111
1.008799448,-5,111
2.691076274,-4,111
4.103895873,-3,111
3.999161717,-2,111
4.511995953,-1,111
3.936061252,0,111
3.947992761,1,111
6.755107274,2,111
6.015132378,3,111
4.758077904,4,111
5.670843037,5,111
7.609632595,6,111
5.980563593,7,111
6.475744297,8,111
5.08917014,9,111
6.891702834,10,111
1.693680368,-10,112
2.38517772,-9,112
2.852343729,-8,112
1.37832188,-7,112
2.361349588,-6,112
1.726495832,-5,112
2.358216096,-4,112
1.254517704,-3,112
2.166689874,-2,112
1.587512327,-1,112
1.180952994,0,112
1.048099751,1,112
3.666216287,2,112
3.209833538,3,112
3.307002521,4,112
4.646842117,5,112
4.307334023,6,112
5.321629389,7,112
3.408354048,8,112
4.457617016,9,112
4.043552808,10,112
4.474702191,-10,113
5.519052843,-9,113
5.417455349,-8,113
4.671497693,-7,113
5.424279898,-6,113
4.619032252,-5,113
4.655267994,-4,113
5.683022438,-3,113
4.477433702,-2,113
5.456685409,-1,113
7.425994501,0,113
5.315481109,1,113
6.125396423,2,113
8.258155298,3,113
6.284394064,4,113
5.99650003,5,113
5.759776985,6,113
6.135259534,7,113
6.26677123,8,113
6.395709939,9,113
5.273345079,10,113
0.922245406,-10,114
2.146058667,-9,114
3.047093006,-8,114
2.426990084,-7,114
-0.103036685,-6,114
0.823534851,-5,114
1.582962347,-4,114
1.140715471,-3,114
1.907995755,-2,114
3.650300843,-1,114
5.349306039,0,114
4.196984295,1,114
3.477157249,2,114
1.752526308,3,114
2.9325589,4,114
4.676930303,5,114
5.139705551,6,114
4.313417962,7,114
5.004038003,8,114
6.085551679,9,114
6.840839081,10,114
10.846952,-10,115
12.40976842,-9,115
11.3276707,-8,115
12.39756012,-7,115
11.2501454,-6,115
11.37238163,-5,115
11.46879323,-4,115
13.62470704,-3,115
12.7931613,-2,115
15.35330628,-1,115
15.42819866,0,115
17.51897045,1,115
16.08414855,2,115
17.40322003,3,115
19.78187306,4,115
17.85489205,5,115
18.54625699,6,115
19.68265815,7,115
18.11566637,8,115
19.449612,9,115
20.65633918,10,115
-4.428718806,-10,116
-5.392003233,-9,116
-4.878833698,-8,116
-4.882207764,-7,116
-2.827188847,-6,116
-4.448851348,-5,116
-6.380069473,-4,116
-6.015159951,-3,116
-5.718176573,-2,116
-6.662957869,-1,116
-4.68546733,0,116
-6.995525507,1,116
-5.635539835,2,116
-5.572778172,3,116
-6.241900252,4,116
-6.785174698,5,116
-7.317071641,6,116
-6.841255613,7,116
-5.71534963,8,116
-7.628323047,9,116
-5.952330376,10,116
-10.94757607,-10,117
-11.73632591,-9,117
-11.00492789,-8,117
-11.5204448,-7,117
-11.07472114,-6,117
-11.26084378,-5,117
-12.09905885,-4,117
-11.74681024,-3,117
-10.40802473,-2,117
-11.64477037,-1,117
-12.86862976,0,117
-13.37648909,1,117
-12.8827982,2,117
-11.38693568,3,117
-10.86741874,4,117
-11.34086537,5,117
-9.623266564,6,117
-10.11521385,7,117
-10.47762422,8,117
-10.61263855,9,117
-12.02702896,10,117
-11.1928579,-10,118
-11.84344737,-9,118
-10.66179714,-8,118
-11.09671488,-7,118
-10.42083492,-6,118
-10.26495982,-5,118
-11.83532438,-4,118
-11.3201834,-3,118
-12.2398121,-2,118
-11.83185483,-1,118
-10.91619082,0,118
-9.509382234,1,118
-9.939684972,2,118
-9.107302645,3,118
-7.095639842,4,118
-8.271417286,5,118
-7.716654349,6,118
-6.082351453,7,118
-6.134456973,8,118
-6.069740048,9,118
-7.239966631,10,118
2.145292757,-10,119
2.548457202,-9,119
3.260365205,-8,119
2.136868874,-7,119
3.475363958,-6,119
4.230717727,-5,119
4.843463461,-4,119
3.084090145,-3,119
5.396360035,-2,119
4.955515506,-1,119
4.559036675,0,119
7.343443305,1,119
7.995228559,2,119
6.420740825,3,119
5.264401748,4,119
4.657528482,5,119
8.062669382,6,119
8.400238007,7,119
9.472266699,8,119
8.879883366,9,119
8.353713696,10,119
-10.21780091,-10,120
-9.947221938,-9,120
-9.531444243,-8,120
-9.005145289,-7,120
-10.91747569,-6,120
-10.54570003,-5,120
-9.393116609,-4,120
-9.258585629,-3,120
-9.550319358,-2,120
-10.94655442,-1,120
-10.25516944,0,120
-9.289026456,1,120
-8.993073376,2,120
-9.589821265,3,120
-7.354662003,4,120
-7.067920128,5,120
-7.370270992,6,120
-7.760097368,7,120
-6.768490354,8,120
-7.458916832,9,120
-9.410108593,10,120
-4.482835965,-10,121
-3.900688852,-9,121
-3.759096616,-8,121
-3.821380377,-7,121
-4.051197185,-6,121
-3.42719853,-5,121
-4.923998633,-4,121
-2.492074213,-3,121
-4.401980824,-2,121
-4.129438521,-1,121
-4.469300521,0,121
-1.889478795,1,121
-2.51699158,2,121
-0.494215413,3,121
-0.020428242,4,121
-0.852885017,5,121
-1.068163438,6,121
-1.308690326,7,121
-2.316354714,8,121
-2.26787869,9,121
-1.219449131,10,121
7.621379526,-10,122
5.430797868,-9,122
5.886434843,-8,122
6.463493965,-7,122
6.779137226,-6,122
7.970726514,-5,122
10.22149108,-4,122
8.016969785,-3,122
9.39378412,-2,122
8.860394271,-1,122
9.359216869,0,122
9.225869494,1,122
7.604538171,2,122
8.588137489,3,122
10.40369279,4,122
10.47092693,5,122
10.6494032,6,122
10.06846471,7,122
10.10895834,8,122
10.85055034,9,122
10.85090955,10,122
-4.629121899,-10,123
-7.229289704,-9,123
-6.087052956,-8,123
-6.836483288,-7,123
-7.375302312,-6,123
-7.395224785,-5,123
-7.499212445,-4,123
-7.462895018,-3,123
-6.364168776,-2,123
-6.416349178,-1,123
-6.350643363,0,123
-5.896211192,1,123
-5.729079279,2,123
-4.742617385,3,123
-4.846857016,4,123
-5.019261024,5,123
-2.83005508,6,123
-2.662259338,7,123
-2.108536582,8,123
-2.904139791,9,123
-3.189965529,10,123
16.69815925,-10,124
16.63033065,-9,124
15.33450652,-8,124
17.03600003,-7,124
19.70818953,-6,124
19.88972772,-5,124
20.38019866,-4,124
19.54303597,-3,124
21.24854728,-2,124
20.01014576,-1,124
20.97704569,0,124
20.5284731,1,124
21.06849471,2,124
21.9202016,3,124
23.03366773,4,124
24.19647642,5,124
21.74904801,6,124
23.65782453,7,124
26.35652527,8,124
25.39112984,9,124
25.46497594,10,124
6.755596337,-10,125
8.153216398,-9,125
9.037250427,-8,125
7.527742314,-7,125
11.10316431,-6,125
9.999967429,-5,125
9.956577828,-4,125
11.53429404,-3,125
13.09782309,-2,125
13.12930955,-1,125
14.92641499,0,125
15.94651802,1,125
14.03385088,2,125
13.78332042,3,125
14.89224047,4,125
17.47054173,5,125
17.27882058,6,125
17.70972748,7,125
18.60031462,8,125
17.28884668,9,125
18.44031348,10,125
-4.095605623,-10,126
-4.039621904,-9,126
-4.570108811,-8,126
-3.565650884,-7,126
-4.305488029,-6,126
-4.525780611,-5,126
-5.259830782,-4,126
-4.660457366,-3,126
-5.879202076,-2,126
-4.21290982,-1,126
-3.60041336,0,126
-4.72357296,1,126
-3.923940471,2,126
-3.452338857,3,126
-2.129631763,4,126
-2.610540387,5,126
-5.041649527,6,126
-4.306656626,7,126
-3.760735598,8,126
-4.069432335,9,126
-5.156873612,10,126
0.81410506,-10,127
1.126407596,-9,127
0.322048031,-8,127
0.35334337,-7,127
0.569787116,-6,127
1.619465778,-5,127
1.50077607,-4,127
1.768787738,-3,127
1.481961059,-2,127
0.553261966,-1,127
2.739127255,0,127
2.424163674,1,127
4.265823003,2,127
3.588470611,3,127
2.378941809,4,127
2.758834855,5,127
2.159316624,6,127
3.287831272,7,127
3.948625061,8,127
4.334599887,9,127
3.909170345,10,127
-0.643614113,-10,128
1.774449585,-9,128
1.697969688,-8,128
4.188220472,-7,128
3.061820248,-6,128
3.191153114,-5,128
2.781168972,-4,128
2.598295454,-3,128
3.576400216,-2,128
2.836303908,-1,128
2.693967322,0,128
4.712967061,1,128
5.231785842,2,128
5.455741754,3,128
5.846613212,4,128
7.545513113,5,128
6.417429984,6,128
8.098037874,7,128
6.731399936,8,128
7.387854743,9,128
7.152699253,10,128
17.94918331,-10,129
16.24920206,-9,129
15.81831141,-8,129
17.02181796,-7,129
17.60576525,-6,129
18.32248783,-5,129
18.63269013,-4,129
17.05961332,-3,129
17.23152401,-2,129
19.8895065,-1,129
20.26169231,0,129
21.40760563,1,129
19.95020253,2,129
20.51207953,3,129
20.71985267,4,129
19.99677441,5,129
20.15180058,6,129
21.46987315,7,129
20.0296728,8,129
20.94733691,9,129
23.79216014,10,129
14.08015967,-10,130
14.04462237,-9,130
13.24335454,-8,130
13.68618406,-7,130
16.1198279,-6,130
15.90687871,-5,130
15.16384551,-4,130
16.89509672,-3,130
16.38159316,-2,130
16.06115665,-1,130
16.42808206,0,130
18.07309014,1,130
19.73592608,2,130
20.47152876,3,130
20.63296738,4,130
22.06062197,5,130
21.20499531,6,130
23.54364222,7,130
24.12807915,8,130
23.34989974,9,130
23.25774213,10,130
4.708292804,-10,131
2.747883794,-9,131
3.463078087,-8,131
2.432807654,-7,131
2.29270143,-6,131
3.504035007,-5,131
5.213848647,-4,131
5.524293381,-3,131
5.092154735,-2,131
7.47711598,-1,131
5.38595638,0,131
7.521432754,1,131
8.319764335,2,131
7.684473297,3,131
7.865822633,4,131
8.211630632,5,131
7.667619472,6,131
8.321574475,7,131
8.206566547,8,131
8.079657173,9,131
9.142772691,10,131
-3.58227676,-10,132
-4.243273002,-9,132
-5.176332838,-8,132
-6.607452823,-7,132
-5.036566875,-6,132
-3.382951302,-5,132
-4.187143598,-4,132
-3.86916227,-3,132
-4.968051276,-2,132
-3.500767374,-1,132
-3.307663446,0,132
-1.65460434,1,132
-3.68286516,2,132
-1.969812299,3,132
-3.410319277,4,132
-2.943762926,5,132
-3.324451991,6,132
-3.861295812,7,132
-3.903110776,8,132
-3.177891334,9,132
-1.231108441,10,132
13.47164913,-10,133
12.95177203,-9,133
13.71217848,-8,133
13.50151998,-7,133
12.65204964,-6,133
12.28401159,-5,133
13.58483673,-4,133
13.66772158,-3,133
13.37624793,-2,133
16.1916676,-1,133
16.45391377,0,133
15.90114147,1,133
18.0918904,2,133
19.62957939,3,133
18.98138002,4,133
19.83633159,5,133
19.59974773,6,133
18.68057618,7,133
20.19122877,8,133
19.82178643,9,133
19.82363241,10,133
0.287501603,-10,134
1.124494012,-9,134
0.90648826,-8,134
0.484280263,-7,134
0.103621978,-6,134
0.903150999,-5,134
2.068754362,-4,134
2.969982686,-3,134
1.78978578,-2,134
2.491197591,-1,134
4.557715399,0,134
3.66222004,1,134
2.80454821,2,134
2.749810591,3,134
4.241474447,4,134
4.704138737,5,134
4.56162595,6,134
4.160095466,7,134
4.257629359,8,134
4.30153495,9,134
3.762961307,10,134
9.026326235,-10,135
9.038672686,-9,135
9.909310073,-8,135
11.89853674,-7,135
10.86044788,-6,135
11.31908831,-5,135
12.81762982,-4,135
13.77859872,-3,135
14.33355911,-2,135
13.39486134,-1,135
14.74590712,0,135
15.85599763,1,135
13.73620174,2,135
15.08026752,3,135
18.34241687,4,135
17.68392476,5,135
18.28644327,6,135
18.74808506,7,135
18.32426371,8,135
21.9535661,9,135
20.11788832,10,135
12.17950035,-10,136
11.43805462,-9,136
12.24373975,-8,136
12.09224482,-7,136
11.65712171,-6,136
12.19987214,-5,136
10.95003909,-4,136
10.80052375,-3,136
11.74088971,-2,136
12.72273694,-1,136
14.98763485,0,136
15.34354889,1,136
15.87922327,2,136
14.37544195,3,136
16.15998815,4,136
13.8486088,5,136
14.28729764,6,136
13.31118746,7,136
15.00021613,8,136
13.09108589,9,136
14.46433089,10,136
0.1578065,-10,137
2.089662953,-9,137
1.169601095,-8,137
-0.329894809,-7,137
1.665160179,-6,137
1.30604222,-5,137
-0.230347603,-4,137
1.697360164,-3,137
0.528601556,-2,137
0.919718248,-1,137
2.653837891,0,137
2.42930305,1,137
3.945372714,2,137
2.451935097,3,137
3.462575485,4,137
4.22286074,5,137
5.930107923,6,137
6.606575354,7,137
6.519872797,8,137
7.325619717,9,137
6.042092695,10,137
-6.020657673,-10,138
-5.826689608,-9,138
-7.360955978,-8,138
-6.161717466,-7,138
-6.644876662,-6,138
-7.654142646,-5,138
-6.897184426,-4,138
-6.129453708,-3,138
-8.047654405,-2,138
-8.025733379,-1,138
-8.911241784,0,138
-7.774207168,1,138
-7.077203299,2,138
-6.357560091,3,138
-4.261462897,4,138
-4.071379278,5,138
-4.022535752,6,138
-3.956011942,7,138
-3.077136162,8,138
-3.772105252,9,138
-3.976151989,10,138
12.08926233,-10,139
12.9707628,-9,139
13.24489428,-8,139
13.68550651,-7,139
13.89125577,-6,139
14.32044062,-5,139
14.39393673,-4,139
14.76425179,-3,139
16.11974543,-2,139
17.15053997,-1,139
13.41128753,0,139
14.62213487,1,139
15.02021946,2,139
14.96245747,3,139
14.32507985,4,139
14.00006399,5,139
15.65560048,6,139
16.9407858,7,139
16.2372773,8,139
17.11260273,9,139
15.7080687,10,139
2.089068554,-10,140
2.99358631,-9,140
2.147555242,-8,140
3.69862674,-7,140
2.090448136,-6,140
0.463136153,-5,140
2.804025782,-4,140
4.71046462,-3,140
5.387881273,-2,140
4.859219185,-1,140
5.611647816,0,140
6.502554736,1,140
5.333505945,2,140
5.224231578,3,140
6.550914003,4,140
6.672444724,5,140
7.137500356,6,140
7.698145841,7,140
5.432923653,8,140
6.118975854,9,140
6.902997344,10,140
14.83727905,-10,141
13.09775053,-9,141
14.60135495,-8,141
14.97796121,-7,141
13.57947917,-6,141
13.60054817,-5,141
14.9146362,-4,141
15.99623834,-3,141
15.87045221,-2,141
15.92359507,-1,141
16.20175729,0,141
17.88522483,1,141
17.9632475,2,141
17.49052057,3,141
18.45435091,4,141
16.66754117,5,141
17.59007318,6,141
16.54170862,7,141
17.36432603,8,141
17.3373989,9,141
15.94903513,10,141
-8.688104397,-10,142
-11.93428085,-9,142
-11.75283927,-8,142
-10.49776001,-7,142
-7.856043476,-6,142
-10.83508619,-5,142
-7.449261304,-4,142
-9.188438224,-3,142
-7.861958674,-2,142
-9.146929279,-1,142
-8.098381865,0,142
-8.890003509,1,142
-8.055299358,2,142
-7.300998514,3,142
-7.391157345,4,142
-8.579219621,5,142
-8.377036637,6,142
-9.192396926,7,142
-6.565208902,8,142
-7.448826276,9,142
-7.713075382,10,142
14.72147768,-10,143
14.94444349,-9,143
16.37795838,-8,143
17.33398749,-7,143
15.64871414,-6,143
16.63305113,-5,143
18.61578991,-4,143
20.18596073,-3,143
19.35961674,-2,143
19.20518589,-1,143
19.30785285,0,143
20.23394421,1,143
20.32973738,2,143
20.64102854,3,143
18.92160834,4,143
21.26496664,5,143
21.75921793,6,143
22.71977584,7,143
22.86233425,8,143
22.65300435,9,143
24.06969943,10,143
-13.37493638,-10,144
-11.53957612,-9,144
-13.38709558,-8,144
-14.38783588,-7,144
-15.43145154,-6,144
-13.9715437,-5,144
-14.27477832,-4,144
-14.24688827,-3,144
-14.85633925,-2,144
-14.66287659,-1,144
-12.81352692,0,144
-11.13166704,1,144
-9.762592636,2,144
-9.509131201,3,144
-8.407093239,4,144
-7.243942261,5,144
-5.708449027,6,144
-7.781610618,7,144
-7.201272008,8,144
-7.28972184,9,144
-8.537434349,10,144
10.90960707,-10,145
11.84369991,-9,145
12.52498652,-8,145
13.53313156,-7,145
13.48987717,-6,145
13.09815753,-5,145
14.46027443,-4,145
15.85183657,-3,145
14.93576679,-2,145
15.12174075,-1,145
16.53096333,0,145
15.31172861,1,145
14.16563308,2,145
15.06009174,3,145
17.24900465,4,145
17.45635924,5,145
19.18861031,6,145
18.26877911,7,145
19.18853642,8,145
19.35492868,9,145
20.90106354,10,145
7.438314865,-10,146
9.13156595,-9,146
6.287780233,-8,146
8.290765581,-7,146
8.851917951,-6,146
11.54788301,-5,146
9.257169572,-4,146
10.12268428,-3,146
9.1256961,-2,146
9.860810268,-1,146
7.890491005,0,146
11.23385667,1,146
10.36397441,2,146
10.21483818,3,146
12.23999843,4,146
11.77530688,5,146
11.20314678,6,146
11.81608922,7,146
12.34760652,8,146
13.92773847,9,146
13.90874847,10,146
2.499064099,-10,147
3.053935637,-9,147
1.671281682,-8,147
2.827356921,-7,147
2.814026598,-6,147
4.013457693,-5,147
3.020848501,-4,147
4.319871231,-3,147
4.863976327,-2,147
5.381739003,-1,147
5.356581774,0,147
5.106805599,1,147
5.446034739,2,147
6.618333153,3,147
5.413017337,4,147
5.843192069,5,147
7.059100701,6,147
6.070065332,7,147
5.475418615,8,147
4.648756377,9,147
3.843806706,10,147
-0.878707338,-10,148
-1.83070263,-9,148
0.076335792,-8,148
1.394360104,-7,148
1.233959419,-6,148
1.255872048,-5,148
1.275221247,-4,148
0.493035819,-3,148
1.666996448,-2,148
1.034152563,-1,148
-0.798977464,0,148
1.540326362,1,148
0.722681295,2,148
-0.894345542,3,148
-0.543299467,4,148
-0.274630072,5,148
-0.193513689,6,148
-0.733985635,7,148
0.377058878,8,148
1.587209305,9,148
0.169738519,10,148
1.999556257,-10,149
2.15850586,-9,149
1.302202462,-8,149
2.196169974,-7,149
2.288315931,-6,149
2.394958149,-5,149
3.995771973,-4,149
4.671975762,-3,149
3.753037918,-2,149
4.220802708,-1,149
4.242805082,0,149
3.77873956,1,149
4.282042822,2,149
4.229168234,3,149
3.902376168,4,149
5.817440302,5,149
6.30178103,6,149
6.853891464,7,149
7.383569912,8,149
8.018267523,9,149
9.552255538,10,149
16.39199219,-10,150
16.27678964,-9,150
18.2799858,-8,150
18.53699255,-7,150
19.32836818,-6,150
20.73465574,-5,150
21.68695415,-4,150
22.1222023,-3,150
23.25545705,-2,150
24.51135358,-1,150
24.92737073,0,150
23.86151807,1,150
25.32958833,2,150
24.46539122,3,150
23.64622057,4,150
25.49364643,5,150
24.82678447,6,150
24.96978803,7,150
25.44378431,8,150
24.47623852,9,150
27.47768937,10,150
2.880066171,-10,151
3.655714102,-9,151
2.723493154,-8,151
2.499565492,-7,151
4.355898637,-6,151
4.151912047,-5,151
5.519417801,-4,151
5.71071779,-3,151
6.231046141,-2,151
7.086257429,-1,151
6.718132459,0,151
7.736751264,1,151
7.923313971,2,151
8.268312918,3,151
9.094996898,4,151
8.717631616,5,151
7.704277532,6,151
8.971151935,7,151
8.958382107,8,151
9.720268257,9,151
9.878094799,10,151
-14.44506553,-10,152
-13.65537601,-9,152
-16.11609591,-8,152
-13.96975651,-7,152
-14.63308212,-6,152
-15.92696376,-5,152
-13.75167393,-4,152
-13.81751809,-3,152
-14.85844884,-2,152
-16.22035406,-1,152
-16.94262532,0,152
-15.18512195,1,152
-15.50412379,2,152
-14.75245017,3,152
-15.36548869,4,152
-15.49443742,5,152
-15.38954434,6,152
-12.27310081,7,152
-10.98845273,8,152
-12.4367807,9,152
-14.19681455,10,152
22.01881519,-10,153
19.2660172,-9,153
19.96466449,-8,153
21.88847679,-7,153
21.11577443,-6,153
20.73718105,-5,153
21.49229193,-4,153
21.85113283,-3,153
22.64853628,-2,153
22.53769408,-1,153
24.0369114,0,153
24.14438949,1,153
22.34161131,2,153
22.97049999,3,153
23.35874424,4,153
22.17060149,5,153
24.29220113,6,153
24.57275385,7,153
24.74415125,8,153
25.44913001,9,153
26.11995491,10,153
10.7240002,-10,154
9.275570523,-9,154
10.7288765,-8,154
9.793425361,-7,154
8.886487123,-6,154
8.888448052,-5,154
11.56956241,-4,154
12.90495681,-3,154
13.24627599,-2,154
14.73452498,-1,154
14.9458396,0,154
15.45185619,1,154
16.95217267,2,154
17.61451341,3,154
16.23555543,4,154
16.82467483,5,154
16.07846104,6,154
15.32084719,7,154
16.18692371,8,154
15.43864275,9,154
15.92706037,10,154
10.03780251,-10,155
8.054480927,-9,155
9.72009501,-8,155
11.36439009,-7,155
10.29227778,-6,155
10.37189334,-5,155
10.10250245,-4,155
12.037207,-3,155
13.22680468,-2,155
12.32472505,-1,155
11.2757468,0,155
14.05885506,1,155
14.18807537,2,155
11.86868513,3,155
12.79592248,4,155
14.2327792,5,155
14.75607513,6,155
13.6059735,7,155
14.76913435,8,155
15.30590837,9,155
16.99327485,10,155
-6.611840762,-10,156
-7.863081394,-9,156
-8.084906459,-8,156
-6.87335887,-7,156
-7.044692106,-6,156
-7.947076444,-5,156
-6.547036744,-4,156
-6.203506838,-3,156
-6.932132412,-2,156
-7.206209113,-1,156
-6.454485183,0,156
-4.426322584,1,156
-3.601832636,2,156
-4.289118795,3,156
-3.161423471,4,156
-2.750830105,5,156
-4.668357853,6,156
-2.934633038,7,156
-3.374187552,8,156
-3.648842016,9,156
-3.462694678,10,156
6.667221441,-10,157
6.593808393,-9,157
6.277046491,-8,157
9.250219353,-7,157
10.45397717,-6,157
10.30399234,-5,157
9.654007524,-4,157
8.437636051,-3,157
8.336212849,-2,157
9.008012334,-1,157
8.536037438,0,157
9.1290236,1,157
8.006775582,2,157
8.543097484,3,157
11.00478928,4,157
10.58024126,5,157
8.20972369,6,157
8.212441839,7,157
11.29931003,8,157
9.34746085,9,157
8.512730608,10,157
-1.97783724,-10,158
-2.159779854,-9,158
-1.626581071,-8,158
-3.10499224,-7,158
-3.047308695,-6,158
-3.947467817,-5,158
-4.705379592,-4,158
-3.468918794,-3,158
-1.911282139,-2,158
-0.585328072,-1,158
-1.941264431,0,158
-1.9955183,1,158
-2.931254653,2,158
-1.749437581,3,158
-1.619243386,4,158
-0.123182815,5,158
-0.871985855,6,158
1.195527514,7,158
2.858208261,8,158
3.394016623,9,158
3.096978705,10,158
2.073141682,-10,159
1.838979067,-9,159
4.742570955,-8,159
3.207488554,-7,159
4.68066635,-6,159
5.697851699,-5,159
5.07677774,-4,159
6.283094297,-3,159
5.808939355,-2,159
4.302337814,-1,159
5.566360774,0,159
5.828885423,1,159
6.4085173,2,159
7.475489527,3,159
8.093886958,4,159
8.365996171,5,159
8.875562316,6,159
8.910222389,7,159
8.014851914,8,159
6.862156483,9,159
6.568034198,10,159
-13.51370991,-10,160
-13.51024531,-9,160
-14.38901878,-8,160
-15.10625862,-7,160
-14.88359311,-6,160
-15.45504765,-5,160
-15.19218182,-4,160
-15.23566977,-3,160
-15.24506209,-2,160
-14.27832507,-1,160
-14.81788589,0,160
-14.5195192,1,160
-13.51476536,2,160
-14.05392079,3,160
-13.29675392,4,160
-12.74127807,5,160
-14.16819304,6,160
-13.22628173,7,160
-12.7115892,8,160
-12.72458646,9,160
-14.42223874,10,160
9.822105309,-10,161
10.23991073,-9,161
11.66492919,-8,161
11.93106646,-7,161
10.91079075,-6,161
11.47398534,-5,161
13.17617316,-4,161
14.41585123,-3,161
15.46753929,-2,161
16.70650347,-1,161
16.71918318,0,161
16.8878336,1,161
18.02120252,2,161
17.31457436,3,161
17.762145,4,161
18.15167201,5,161
19.67644325,6,161
19.19582595,7,161
19.83989624,8,161
17.49628693,9,161
18.66123396,10,161
7.08755593,-10,162
7.281213788,-9,162
7.35859415,-8,162
7.396664037,-7,162
7.126934098,-6,162
6.461021188,-5,162
7.380028831,-4,162
8.171930415,-3,162
9.1850769,-2,162
7.611456751,-1,162
8.685948693,0,162
9.549495043,1,162
9.674371817,2,162
7.89964368,3,162
9.049528307,4,162
10.1192684,5,162
8.779364634,6,162
9.496392778,7,162
10.1773581,8,162
9.440054845,9,162
10.53900915,10,162
-18.43736982,-10,163
-19.08762412,-9,163
-17.22172172,-8,163
-18.39205739,-7,163
-18.24546974,-6,163
-18.8325843,-5,163
-18.03530485,-4,163
-19.86435283,-3,163
-18.95503243,-2,163
-19.14042864,-1,163
-19.37320227,0,163
-18.52738532,1,163
-18.74871194,2,163
-18.01333996,3,163
-18.41542944,4,163
-18.19977299,5,163
-17.95944589,6,163
-16.77904408,7,163
-16.6859434,8,163
-18.93642169,9,163
-18.72022531,10,163
9.890854223,-10,164
12.34711876,-9,164
13.15693343,-8,164
13.16874157,-7,164
13.98565169,-6,164
15.32909537,-5,164
16.1167048,-4,164
16.96872324,-3,164
15.67137723,-2,164
14.23466553,-1,164
17.33543881,0,164
19.59331037,1,164
20.93064151,2,164
19.49988169,3,164
19.1519998,4,164
18.64706072,5,164
19.42151741,6,164
21.37167527,7,164
21.37719096,8,164
21.64775315,9,164
22.99506636,10,164
10.34982613,-10,165
11.59872762,-9,165
11.35116961,-8,165
11.67226728,-7,165
9.860872552,-6,165
13.26862358,-5,165
13.01238003,-4,165
12.50111489,-3,165
12.39664632,-2,165
13.68816577,-1,165
14.11935142,0,165
16.0185341,1,165
18.35179925,2,165
20.39169093,3,165
18.96142104,4,165
19.88912444,5,165
19.59871319,6,165
19.50823851,7,165
20.96350494,8,165
20.92925855,9,165
19.9837725,10,165
-0.006838777,-10,166
1.648131659,-9,166
2.712434612,-8,166
2.978096494,-7,166
4.218549198,-6,166
1.316788413,-5,166
4.112564617,-4,166
6.039313073,-3,166
3.734726131,-2,166
3.75589223,-1,166
4.684669659,0,166
5.582822671,1,166
7.063768707,2,166
7.051698084,3,166
7.417519983,4,166
7.819999661,5,166
8.791389596,6,166
9.893210884,7,166
9.955573031,8,166
10.76733324,9,166
10.68323562,10,166
-6.450947319,-10,167
-6.966119203,-9,167
-8.839592235,-8,167
-8.214475073,-7,167
-6.77927951,-6,167
-7.624117007,-5,167
-4.285562545,-4,167
-5.713992908,-3,167
-7.491326051,-2,167
-5.710506901,-1,167
-5.182498405,0,167
-5.653678466,1,167
-4.016349592,2,167
-4.208628656,3,167
-4.49828482,4,167
-5.020127418,5,167
-3.641935984,6,167
-5.03262162,7,167
-5.901635967,8,167
-5.232841616,9,167
-5.700327853,10,167
-15.62678134,-10,168
-14.27254914,-9,168
-14.21180004,-8,168
-13.92315157,-7,168
-14.50338137,-6,168
-13.97447804,-5,168
-16.07138065,-4,168
-13.60466643,-3,168
-13.75126904,-2,168
-13.63634624,-1,168
-13.68747666,0,168
-15.27336349,1,168
-14.46785996,2,168
-13.38228224,3,168
-13.33941583,4,168
-13.22278921,5,168
-15.63367405,6,168
-13.47296529,7,168
-14.06976579,8,168
-13.44585291,9,168
-13.18231877,10,168
8.644388133,-10,169
7.051310406,-9,169
6.381494576,-8,169
6.770902208,-7,169
7.194605872,-6,169
7.68174782,-5,169
8.496861707,-4,169
8.263639792,-3,169
8.648276267,-2,169
9.62967937,-1,169
8.939448725,0,169
9.615875164,1,169
10.30206801,2,169
9.350649374,3,169
8.716255062,4,169
7.228909419,5,169
7.830182866,6,169
5.768182396,7,169
8.701933604,8,169
8.224257796,9,169
9.597370781,10,169
21.69585901,-10,170
20.433611,-9,170
22.21421727,-8,170
21.63304211,-7,170
22.65989955,-6,170
24.13999794,-5,170
24.78787696,-4,170
23.99921762,-3,170
23.15487237,-2,170
24.75319278,-1,170
25.54833197,0,170
25.07968924,1,170
25.58232421,2,170
23.98220379,3,170
24.57513713,4,170
24.0469957,5,170
24.81371938,6,170
22.68198677,7,170
23.12183443,8,170
23.91721865,9,170
25.63398324,10,170
24.08898926,-10,171
24.83153371,-9,171
24.03446125,-8,171
23.89997274,-7,171
24.4617054,-6,171
22.99034429,-5,171
23.70810654,-4,171
24.42255937,-3,171
26.92313823,-2,171
29.60230118,-1,171
25.82766384,0,171
25.84887105,1,171
26.28320113,2,171
26.19351535,3,171
24.19312506,4,171
25.16041317,5,171
26.20274143,6,171
25.86925759,7,171
28.52618456,8,171
27.74476425,9,171
28.15194221,10,171
-3.071991772,-10,172
-1.22559271,-9,172
-3.061117455,-8,172
-2.434956763,-7,172
-3.558158151,-6,172
-4.917998164,-5,172
-2.022645405,-4,172
-4.002006582,-3,172
-2.966298256,-2,172
-3.233462406,-1,172
-1.978860861,0,172
-2.022386133,1,172
-1.979892209,2,172
-1.563116963,3,172
-1.081977527,4,172
-2.232405242,5,172
-1.077319825,6,172
-1.132592867,7,172
-0.496136164,8,172
0.251698629,9,172
-1.369442104,10,172
11.69506441,-10,173
12.70069631,-9,173
11.30838657,-8,173
10.94350672,-7,173
11.4159403,-6,173
11.21994721,-5,173
10.7839761,-4,173
13.47856278,-3,173
11.28470788,-2,173
12.9216922,-1,173
10.23662305,0,173
10.59321037,1,173
9.892752302,2,173
8.733382188,3,173
9.0930704,4,173
10.50235719,5,173
9.57175331,6,173
9.430861914,7,173
10.13106953,8,173
9.744854676,9,173
10.55801713,10,173
10.15076452,-10,174
9.529852228,-9,174
10.89636182,-8,174
12.25331059,-7,174
9.870837761,-6,174
8.748926478,-5,174
10.99920065,-4,174
11.44400532,-3,174
9.617831027,-2,174
9.766543592,-1,174
10.69132267,0,174
11.30304014,1,174
9.960013354,2,174
10.19563099,3,174
9.762168368,4,174
8.101010069,5,174
8.135728473,6,174
7.648590207,7,174
8.272286714,8,174
7.606691081,9,174
8.267573061,10,174
-16.94152396,-10,175
-16.51582148,-9,175
-16.09637692,-8,175
-15.34633568,-7,175
-15.99437398,-6,175
-17.39470409,-5,175
-16.28714464,-4,175
-17.10927738,-3,175
-16.31848144,-2,175
-15.1550563,-1,175
-15.8502488,0,175
-15.97033539,1,175
-14.82653702,2,175
-15.08297648,3,175
-11.88482481,4,175
-12.21666075,5,175
-12.07818404,6,175
-12.5390158,7,175
-11.15680051,8,175
-12.24819633,9,175
-12.48784163,10,175
0.419575001,-10,176
-0.38676875,-9,176
-0.157896941,-8,176
0.853370114,-7,176
1.269893791,-6,176
0.086931216,-5,176
0.766969628,-4,176
-1.156950496,-3,176
0.717283929,-2,176
1.107167746,-1,176
2.323991438,0,176
0.395631323,1,176
1.154959266,2,176
2.089001808,3,176
3.405470309,4,176
2.136695011,5,176
3.535943507,6,176
4.535547838,7,176
5.407532617,8,176
5.05056499,9,176
6.170314666,10,176
-4.170884586,-10,177
-3.769192255,-9,177
-4.780489234,-8,177
-3.724011557,-7,177
-4.865439999,-6,177
-3.9355252,-5,177
-4.453878815,-4,177
-5.153961842,-3,177
-4.502128994,-2,177
-5.11540326,-1,177
-4.611915375,0,177
-4.062278382,1,177
-4.238184079,2,177
-1.555122907,3,177
-2.422836953,4,177
-2.066053394,5,177
-2.112976599,6,177
-1.179522821,7,177
-1.509720778,8,177
0.020830011,9,177
-0.77917462,10,177
-4.826948493,-10,178
-3.729849077,-9,178
-3.9925816,-8,178
-3.749028488,-7,178
-3.609046542,-6,178
-3.840467466,-5,178
-3.901770122,-4,178
-4.089395754,-3,178
-4.866343894,-2,178
-4.044710788,-1,178
-4.643403674,0,178
-2.327340079,1,178
-3.99093205,2,178
-3.861108202,3,178
-2.263290435,4,178
-2.313736284,5,178
-0.652017687,6,178
-0.811451221,7,178
-2.148539397,8,178
-3.540109238,9,178
-2.633459742,10,178
-3.582453346,-10,179
-4.525773703,-9,179
-3.102568919,-8,179
-2.41442339,-7,179
-1.60562043,-6,179
-3.788609443,-5,179
-1.195835236,-4,179
-2.155196836,-3,179
-2.249125587,-2,179
-2.487131916,-1,179
-0.946334449,0,179
-1.285687971,1,179
-0.536236915,2,179
1.073494546,3,179
0.88111613,4,179
0.543760985,5,179
0.756802005,6,179
1.82498636,7,179
3.758974148,8,179
4.613076281,9,179
4.579239632,10,179
-2.185522183,-10,180
-2.181321241,-9,180
-1.379382892,-8,180
0.475376817,-7,180
0.931265866,-6,180
0.223105357,-5,180
0.430179772,-4,180
-0.389940262,-3,180
1.133110074,-2,180
0.793034016,-1,180
0.588757513,0,180
0.662946443,1,180
0.280673428,2,180
-0.495143072,3,180
-0.490811931,4,180
-0.84383692,5,180
0.257454025,6,180
1.049059644,7,180
0.820370606,8,180
1.239698262,9,180
1.213513591,10,180
-12.05319692,-10,181
-11.1272781,-9,181
-11.647181,-8,181
-10.95271752,-7,181
-10.12865684,-6,181
-10.63834368,-5,181
-11.61319952,-4,181
-11.59593228,-3,181
-9.44389306,-2,181
-10.41044893,-1,181
-11.96665316,0,181
-11.11070174,1,181
-8.405786712,2,181
-8.689597268,3,181
-7.47788928,4,181
-6.9986268,5,181
-7.631051162,6,181
-7.982651968,7,181
-8.527100761,8,181
-8.487036019,9,181
-7.554345773,10,181
-10.93591343,-10,182
-11.63307372,-9,182
-12.77492467,-8,182
-11.20570739,-7,182
-13.06224198,-6,182
-13.27405751,-5,182
-12.95482582,-4,182
-13.13201939,-3,182
-13.26489686,-2,182
-12.45925148,-1,182
-13.57457213,0,182
-12.948928,1,182
-11.7617185,2,182
-12.8464535,3,182
-11.91944107,4,182
-12.39574961,5,182
-10.99686449,6,182
-11.08711567,7,182
-11.90058241,8,182
-10.74500128,9,182
-12.11094241,10,182
5.297535388,-10,183
6.214274717,-9,183
6.047152287,-8,183
3.742240936,-7,183
5.559816956,-6,183
4.092696718,-5,183
3.696389087,-4,183
5.204579085,-3,183
6.204771555,-2,183
6.185007925,-1,183
5.252690887,0,183
5.728305489,1,183
6.42523717,2,183
5.88574744,3,183
5.919163128,4,183
6.928986155,5,183
6.446017723,6,183
7.919887392,7,183
8.879705559,8,183
9.632836682,9,183
9.379157978,10,183
14.39404897,-10,184
14.79292644,-9,184
15.49093951,-8,184
15.07557081,-7,184
12.63052225,-6,184
13.41271114,-5,184
13.77462586,-4,184
15.51728634,-3,184
16.48061002,-2,184
18.32556753,-1,184
17.70834418,0,184
16.9681682,1,184
16.23518245,2,184
17.73581681,3,184
16.92569222,4,184
18.09172979,5,184
16.93892799,6,184
17.06904705,7,184
17.04179888,8,184
17.43708623,9,184
15.97372571,10,184
5.798587862,-10,185
5.317368398,-9,185
6.238669394,-8,185
5.74995011,-7,185
5.964613282,-6,185
3.890003721,-5,185
6.003798906,-4,185
6.634595776,-3,185
5.876446671,-2,185
5.379582069,-1,185
5.289576306,0,185
4.527251143,1,185
4.529783943,2,185
4.961212313,3,185
4.110778758,4,185
3.275505035,5,185
2.309540378,6,185
4.439204573,7,185
4.338437545,8,185
4.157549889,9,185
3.426559012,10,185
7.673196574,-10,186
7.833649657,-9,186
8.181828786,-8,186
9.406070527,-7,186
9.391674704,-6,186
6.865201766,-5,186
9.003649073,-4,186
8.50536855,-3,186
8.718475696,-2,186
10.02084348,-1,186
10.35168185,0,186
9.997382719,1,186
11.6771089,2,186
13.45801684,3,186
14.22269521,4,186
15.26887816,5,186
15.91730267,6,186
16.32423941,7,186
16.59972085,8,186
14.58942887,9,186
15.21927825,10,186
2.042839873,-10,187
0.504733022,-9,187
0.564973444,-8,187
0.402939488,-7,187
-0.354809223,-6,187
1.021252673,-5,187
0.908466792,-4,187
0.78678641,-3,187
1.555897378,-2,187
2.138358853,-1,187
0.436217158,0,187
-0.825345351,1,187
1.579979054,2,187
1.697789713,3,187
1.712446524,4,187
0.32905009,5,187
0.576295069,6,187
-0.882815674,7,187
-0.467097989,8,187
-1.531658429,9,187
0.490042006,10,187
0.18318636,-10,188
1.48252077,-9,188
1.625752294,-8,188
0.119137655,-7,188
0.788741821,-6,188
1.446298298,-5,188
-1.219553447,-4,188
-0.307341089,-3,188
2.077436879,-2,188
1.276908218,-1,188
1.829442319,0,188
-0.208403472,1,188
2.549291794,2,188
2.5445777,3,188
2.847126679,4,188
2.027894816,5,188
3.476788683,6,188
1.679527462,7,188
2.941713099,8,188
2.343840332,9,188
2.577487804,10,188
10.81014337,-10,189
10.48679654,-9,189
10.25281298,-8,189
10.13699695,-7,189
11.54984271,-6,189
12.92529939,-5,189
11.42445066,-4,189
11.53293739,-3,189
13.34000211,-2,189
11.74486736,-1,189
14.02410619,0,189
13.42820305,1,189
13.88531517,2,189
11.38672847,3,189
13.32674968,4,189
11.91412657,5,189
13.24727005,6,189
13.31223588,7,189
15.7172242,8,189
16.31167847,9,189
14.35383604,10,189
7.748025325,-10,190
7.310127892,-9,190
6.887028376,-8,190
7.369268372,-7,190
7.169366221,-6,190
8.05162264,-5,190
7.873933388,-4,190
8.902104447,-3,190
8.818574384,-2,190
9.552043968,-1,190
8.072339898,0,190
6.679724335,1,190
11.49713744,2,190
11.58864672,3,190
12.57456745,4,190
11.38924921,5,190
10.56912518,6,190
11.55151449,7,190
11.97130808,8,190
13.64300804,9,190
13.52698314,10,190
-7.469176785,-10,191
-8.750037746,-9,191
-9.149271816,-8,191
-9.06287833,-7,191
-9.400798083,-6,191
-7.112542605,-5,191
-8.872169844,-4,191
-10.40431976,-3,191
-8.434328156,-2,191
-10.80263324,-1,191
-8.861391078,0,191
-7.612904716,1,191
-6.817154672,2,191
-7.217913067,3,191
-4.697800327,4,191
-6.23245966,5,191
-5.290728026,6,191
-3.867461849,7,191
-2.429752178,8,191
-2.576231981,9,191
-2.870121604,10,191
-13.78862806,-10,192
-15.57288818,-9,192
-16.17132244,-8,192
-15.16425131,-7,192
-13.20557778,-6,192
-15.92860745,-5,192
-16.94842789,-4,192
-16.82782528,-3,192
-16.76813472,-2,192
-16.42852916,-1,192
-15.90578947,0,192
-16.54406291,1,192
-17.06876011,2,192
-16.09068949,3,192
-15.86719844,4,192
-17.25429286,5,192
-15.12802599,6,192
-14.08300633,7,192
-16.00979607,8,192
-14.23888068,9,192
-15.61003543,10,192
-4.164317475,-10,193
-3.376714784,-9,193
-3.841060982,-8,193
-4.513524341,-7,193
-3.156022695,-6,193
-5.461428713,-5,193
-3.831993887,-4,193
-3.199441185,-3,193
-4.338819814,-2,193
-5.478905665,-1,193
-4.930764827,0,193
-4.504019416,1,193
-5.216839681,2,193
-5.53848868,3,193
-7.043970567,4,193
-5.807831349,5,193
-6.873070684,6,193
-3.418419842,7,193
-4.029928949,8,193
-4.304797895,9,193
-5.845907162,10,193
20.35602983,-10,194
19.27217172,-9,194
17.98145015,-8,194
19.94194087,-7,194
20.01973074,-6,194
22.011392,-5,194
22.79363806,-4,194
21.20751814,-3,194
21.78644572,-2,194
20.84024937,-1,194
22.16801858,0,194
21.4596167,1,194
21.71122884,2,194
20.75314342,3,194
22.16369451,4,194
21.21937923,5,194
21.89069212,6,194
23.38586003,7,194
22.36325987,8,194
23.29601328,9,194
23.56592063,10,194
-1.436592487,-10,195
-4.156704186,-9,195
-2.775709587,-8,195
-1.822905652,-7,195
-3.320382012,-6,195
-4.177629405,-5,195
-3.234850259,-4,195
-3.730351859,-3,195
-2.531084191,-2,195
-2.618578328,-1,195
-4.001635478,0,195
-3.609491882,1,195
-0.366103861,2,195
0.937332165,3,195
-0.04832039,4,195
0.327665904,5,195
2.63241855,6,195
1.868120717,7,195
1.694104182,8,195
1.248393626,9,195
0.027167039,10,195
9.331011842,-10,196
9.981234578,-9,196
9.647366611,-8,196
10.5739376,-7,196
8.942613233,-6,196
10.11888156,-5,196
10.59428858,-4,196
11.88184028,-3,196
11.56639531,-2,196
10.15823272,-1,196
8.962624014,0,196
10.51088977,1,196
11.39951826,2,196
12.077422,3,196
12.91119049,4,196
13.47734819,5,196
12.31237991,6,196
12.73344449,7,196
12.23058401,8,196
12.40516809,9,196
13.93656213,10,196
-3.339525405,-10,197
-3.793387019,-9,197
-4.95921407,-8,197
-4.371507399,-7,197
-5.09969607,-6,197
-4.127787019,-5,197
-3.572508261,-4,197
-5.026385923,-3,197
-4.923197364,-2,197
-4.556410869,-1,197
-4.447499473,0,197
-5.815885121,1,197
-4.481420707,2,197
-4.174289578,3,197
-5.138602365,4,197
-3.328682245,5,197
-2.578157721,6,197
-5.283687765,7,197
-4.002247085,8,197
-3.184533183,9,197
-3.119173358,10,197
1.859361351,-10,198
3.589893084,-9,198
2.099749872,-8,198
2.625528814,-7,198
3.76273292,-6,198
4.551499221,-5,198
3.82826207,-4,198
4.179906955,-3,198
5.316718854,-2,198
5.282022086,-1,198
5.508585157,0,198
5.871059686,1,198
7.341547623,2,198
6.683427209,3,198
6.827364128,4,198
7.156461258,5,198
6.953766406,6,198
6.975168541,7,198
7.079612716,8,198
7.488034115,9,198
8.374017897,10,198
-4.350976148,-10,199
-5.275956604,-9,199
-4.667859295,-8,199
-4.729823718,-7,199
-3.861447037,-6,199
-3.493589689,-5,199
-3.880937298,-4,199
-4.494298981,-3,199
-4.086292035,-2,199
-5.211546386,-1,199
-3.79555445,0,199
-3.334214994,1,199
-5.168381561,2,199
-5.048300511,3,199
-2.937775803,4,199
-2.524423605,5,199
-1.303440232,6,199
-2.081596865,7,199
-0.911075232,8,199
-1.517496355,9,199
-0.687890919,10,199
-12.46323045,-10,200
-13.17549803,-9,200
-13.67520593,-8,200
-13.1890031,-7,200
-14.00037472,-6,200
-14.40858546,-5,200
-14.46812598,-4,200
-11.9627538,-3,200
-11.65558323,-2,200
-10.1944264,-1,200
-8.685600287,0,200
-9.267099751,1,200
-9.007351589,2,200
-8.22223487,3,200
-8.340341939,4,200
-5.824818746,5,200
-5.962016446,6,200
-5.725339918,7,200
-5.183907156,8,200
-4.796196928,9,200
-4.727968458,10,200
